arm,model,episode_seed,turn,board,curr,next,legal_ids,proposed_id,used_id,fallback_reason,lines_cleared,score_after,done,top_prob,input_tokens,latency_s,ok,n_legal,q_rollout_best,q_rollout_chosen,regret_rollout,rank_rollout,best_id_rollout,q_beam_best,q_beam_chosen,regret_beam,rank_beam,best_id_beam,top1_beam
intelif-qwen3-4b/decision,intelif-qwen3-4b@v0.1,1000,0,........../........../........../........../........../........../........../........../........../........../........../........../........../........../........../........../........../........../........../..........,T,O,"[0, 1, 2, 3, 4, 5, 6, 7, 10, 11, 12, 13, 14, 15, 16, 17, 18, 20, 21, 22, 23, 24, 25, 26, 27, 30, 31, 32, 33, 34, 35, 36, 37, 38]",4,4,,0,0,False,0.1325560361146927,1179,32.233769046999896,True,34,-0.6900000000000001,-0.6900000000000001,0.0,1.0,4,-0.7600000000000001,-0.7600000000000001,0.0,2.0,3,0.0
intelif-qwen3-4b/decision,intelif-qwen3-4b@v0.1,1000,1,........../........../........../........../........../........../........../........../........../........../........../........../........../........../........../........../........../........../.....#..../....###...,O,Z,"[0, 1, 2, 3, 4, 5, 6, 7, 8]",7,7,,0,0,False,0.1858790218830108,379,12.943804297000042,True,9,-0.5950000000000001,-1.3000000000000003,0.7050000000000002,5.0,0,-1.01,-1.04,0.030000000000000027,4.0,0,0.0
intelif-qwen3-4b/decision,intelif-qwen3-4b@v0.1,1000,2,........../........../........../........../........../........../........../........../........../........../........../........../........../........../........../........../........../........../.....#.##./....#####.,Z,T,"[0, 1, 2, 3, 4, 5, 6, 7, 10, 11, 12, 13, 14, 15, 16, 17, 18]",13,13,,0,0,False,0.116833709180355,644,18.426481419000083,True,17,-0.92,-1.79,0.87,4.0,0,-0.78,-0.78,0.0,1.0,13,1.0
intelif-qwen3-4b/decision,intelif-qwen3-4b@v0.1,1000,3,........../........../........../........../........../........../........../........../........../........../........../........../........../........../........../........../........../....#...../...###.##./...######.,T,I,"[0, 1, 2, 3, 4, 5, 6, 7, 10, 11, 12, 13, 14, 15, 16, 17, 18, 20, 21, 22, 23, 24, 25, 26, 27, 30, 31, 32, 33, 34, 35, 36, 37, 38]",5,5,,0,0,False,0.1366727501153946,1165,31.541054568000163,True,34,-1.09,-2.5550000000000006,1.4650000000000005,16.0,0,-1.03,-2.37,1.34,7.0,0,0.0
intelif-qwen3-4b/decision,intelif-qwen3-4b@v0.1,1000,4,........../........../........../........../........../........../........../........../........../........../........../........../........../........../........../........../......#.../....####../...###.##./...######.,I,O,"[0, 1, 2, 3, 4, 5, 6, 10, 11, 12, 13, 14, 15, 16, 17, 18, 19]",0,0,,0,0,False,0.1736443936824798,619,17.691511512000034,True,17,-2.22,-4.050000000000001,1.8300000000000005,11.0,19,-2.5700000000000003,-3.66,1.0899999999999999,11.0,10,0.0
intelif-qwen3-4b/decision,intelif-qwen3-4b@v0.1,1000,5,........../........../........../........../........../........../........../........../........../........../........../........../........../........../........../........../......#.../########../...###.##./...######.,O,L,"[0, 1, 2, 3, 4, 5, 6, 7, 8]",8,8,,1,2,False,0.532029926776886,386,13.073358020999876,True,9,-2.0650000000000004,-4.285,2.2199999999999998,5.0,4,-2.2100000000000004,-3.8300000000000005,1.62,5.0,4,0.0
intelif-qwen3-4b/decision,intelif-qwen3-4b@v0.1,1000,6,........../........../........../........../........../........../........../........../........../........../........../........../........../........../........../........../........../......#.##/...###.##./...######.,L,I,"[0, 1, 2, 3, 4, 5, 6, 7, 10, 11, 12, 13, 14, 15, 16, 17, 18, 20, 21, 22, 23, 24, 25, 26, 27, 30, 31, 32, 33, 34, 35, 36, 37, 38]",0,0,,0,2,False,0.1995747685432434,1164,32.13912769400031,True,34,-2.89,-3.7750000000000004,0.8850000000000002,8.0,30,-3.9700000000000006,-3.9700000000000006,0.0,1.0,0,1.0
intelif-qwen3-4b/decision,intelif-qwen3-4b@v0.1,1000,7,........../........../........../........../........../........../........../........../........../........../........../........../........../........../........../........../........../......#.##/..####.##./#########.,I,O,"[0, 1, 2, 3, 4, 5, 6, 10, 11, 12, 13, 14, 15, 16, 17, 18, 19]",2,2,,0,2,False,0.3878869712352752,624,17.18795488700016,True,17,-1.4000000000000001,-1.415,0.014999999999999902,2.0,0,-1.32,-1.32,0.0,1.0,2,1.0
intelif-qwen3-4b/decision,intelif-qwen3-4b@v0.1,1000,8,........../........../........../........../........../........../........../........../........../........../........../........../........../........../........../........../........../..#####.##/..####.##./#########.,O,J,"[0, 1, 2, 3, 4, 5, 6, 7, 8]",0,0,,0,2,False,0.46727055311203,387,12.52930032600034,True,9,-1.8150000000000004,-1.8150000000000004,0.0,1.0,0,-2.31,-2.31,0.0,1.0,0,1.0
intelif-qwen3-4b/decision,intelif-qwen3-4b@v0.1,1000,9,........../........../........../........../........../........../........../........../........../........../........../........../........../........../........../........../........../#######.##/######.##./#########.,J,S,"[0, 1, 2, 3, 4, 5, 6, 7, 10, 11, 12, 13, 14, 15, 16, 17, 18, 20, 21, 22, 23, 24, 25, 26, 27, 30, 31, 32, 33, 34, 35, 36, 37, 38]",17,17,,1,4,False,0.1144557669758796,1171,32.64672918499991,True,34,-1.4900000000000002,-2.415,0.9249999999999998,8.0,25,-1.9000000000000001,-2.5700000000000003,0.6700000000000002,11.0,25,0.0
intelif-qwen3-4b/decision,intelif-qwen3-4b@v0.1,1000,10,........../........../........../........../........../........../........../........../........../........../........../........../........../........../........../........../.......##./.......#../######.##./#########.,S,O,"[0, 1, 2, 3, 4, 5, 6, 7, 10, 11, 12, 13, 14, 15, 16, 17, 18]",15,15,,0,4,False,0.2766670286655426,637,17.85427223600027,True,17,-2.6750000000000007,-2.6750000000000007,0.0,1.0,15,-2.87,-2.87,0.0,1.0,15,1.0
intelif-qwen3-4b/decision,intelif-qwen3-4b@v0.1,1000,11,........../........../........../........../........../........../........../........../........../........../........../........../........../........../........../........../.....#.##./.....###../#########./#########.,O,J,"[0, 1, 2, 3, 4, 5, 6, 7, 8]",3,3,,0,4,False,0.659426212310791,380,12.96726772799957,True,9,-3.41,-3.41,0.0,1.0,3,-2.9600000000000004,-2.9900000000000007,0.03000000000000025,4.0,1,0.0
intelif-qwen3-4b/decision,intelif-qwen3-4b@v0.1,1000,12,........../........../........../........../........../........../........../........../........../........../........../........../........../........../........../........../...###.##./...#####../#########./#########.,J,J,"[0, 1, 2, 3, 4, 5, 6, 7, 10, 11, 12, 13, 14, 15, 16, 17, 18, 20, 21, 22, 23, 24, 25, 26, 27, 30, 31, 32, 33, 34, 35, 36, 37, 38]",0,0,,0,4,False,0.2742095589637756,1172,32.10516491500039,True,34,-3.76,-3.765,0.0050000000000003375,2.0,3,-3.2200000000000006,-3.2700000000000005,0.04999999999999982,4.0,12,0.0
intelif-qwen3-4b/decision,intelif-qwen3-4b@v0.1,1000,13,........../........../........../........../........../........../........../........../........../........../........../........../........../........../........../........../#..###.##./########../#########./#########.,J,Z,"[0, 1, 2, 3, 4, 5, 6, 7, 10, 11, 12, 13, 14, 15, 16, 17, 18, 20, 21, 22, 23, 24, 25, 26, 27, 30, 31, 32, 33, 34, 35, 36, 37, 38]",24,24,,0,4,False,0.1272566169500351,1182,31.280840870000247,True,34,-2.125,-2.7250000000000005,0.6000000000000005,6.0,7,-3.41,-3.41,0.0,2.0,3,0.0
intelif-qwen3-4b/decision,intelif-qwen3-4b@v0.1,1000,14,........../........../........../........../........../........../........../........../........../........../........../........../........../........../........../....###.../#..######./########../#########./#########.,Z,J,"[0, 1, 2, 3, 4, 5, 6, 7, 10, 11, 12, 13, 14, 15, 16, 17, 18]",0,0,,0,4,False,0.3485206663608551,642,19.114841275000344,True,17,-2.575,-2.9350000000000005,0.3600000000000003,2.0,13,-3.6300000000000003,-3.64,0.009999999999999787,2.0,13,0.0
intelif-qwen3-4b/decision,intelif-qwen3-4b@v0.1,1000,15,........../........../........../........../........../........../........../........../........../........../........../........../........../........../........../##..###.../#########./########../#########./#########.,J,L,"[0, 1, 2, 3, 4, 5, 6, 7, 10, 11, 12, 13, 14, 15, 16, 17, 18, 20, 21, 22, 23, 24, 25, 26, 27, 30, 31, 32, 33, 34, 35, 36, 37, 38]",27,27,,1,6,False,0.3161573112010956,1178,30.90687230999993,True,34,-2.085,-2.085,0.0,1.0,27,-1.85,-1.85,0.0,1.0,27,1.0
intelif-qwen3-4b/decision,intelif-qwen3-4b@v0.1,1000,16,........../........../........../........../........../........../........../........../........../........../........../........../........../........../........../........../##..######/########../#########./#########.,L,Z,"[0, 1, 2, 3, 4, 5, 6, 7, 10, 11, 12, 13, 14, 15, 16, 17, 18, 20, 21, 22, 23, 24, 25, 26, 27, 30, 31, 32, 33, 34, 35, 36, 37, 38]",12,12,,1,8,False,0.1928739547729492,1175,30.64931813800013,True,34,-0.935,-0.935,0.0,1.0,12,-0.52,-0.52,0.0,1.0,12,1.0
intelif-qwen3-4b/decision,intelif-qwen3-4b@v0.1,1000,17,........../........../........../........../........../........../........../........../........../........../........../........../........../........../........../..#......./..#......./########../#########./#########.,Z,O,"[0, 1, 2, 3, 4, 5, 6, 7, 10, 11, 12, 13, 14, 15, 16, 17, 18]",3,3,,0,8,False,0.4241945147514343,640,18.30064285799972,True,17,-1.5000000000000002,-2.615,1.115,2.0,7,-1.82,-2.85,1.03,2.0,7,0.0
intelif-qwen3-4b/decision,intelif-qwen3-4b@v0.1,1000,18,........../........../........../........../........../........../........../........../........../........../........../........../........../........../........../..###...../..#.##..../########../#########./#########.,O,J,"[0, 1, 2, 3, 4, 5, 6, 7, 8]",0,0,,0,8,False,0.3574816882610321,385,13.22100303499974,True,9,-1.5100000000000002,-1.5100000000000002,0.0,1.0,0,-2.34,-2.34,0.0,1.0,0,1.0
intelif-qwen3-4b/decision,intelif-qwen3-4b@v0.1,1000,19,........../........../........../........../........../........../........../........../........../........../........../........../........../........../........../#####...../###.##..../########../#########./#########.,J,Z,"[0, 1, 2, 3, 4, 5, 6, 7, 10, 11, 12, 13, 14, 15, 16, 17, 18, 20, 21, 22, 23, 24, 25, 26, 27, 30, 31, 32, 33, 34, 35, 36, 37, 38]",38,38,,1,10,False,0.1720672845840454,1162,30.990714855999613,True,34,-1.2200000000000002,-3.125,1.9049999999999998,13.0,36,-2.24,-3.3000000000000003,1.06,13.0,18,0.0
intelif-qwen3-4b/decision,intelif-qwen3-4b@v0.1,1000,20,........../........../........../........../........../........../........../........../........../........../........../........../........../........../........../........../#####....#/###.##...#/#########./#########.,Z,Z,"[0, 1, 2, 3, 4, 5, 6, 7, 10, 11, 12, 13, 14, 15, 16, 17, 18]",5,5,,0,10,False,0.5955846309661865,649,18.02171718,True,17,-3.555,-3.745,0.18999999999999995,2.0,10,-3.64,-3.64,0.0,1.0,5,1.0
intelif-qwen3-4b/decision,intelif-qwen3-4b@v0.1,1000,21,........../........../........../........../........../........../........../........../........../........../........../........../........../........../........../........../#######..#/###.####.#/#########./#########.,Z,L,"[0, 1, 2, 3, 4, 5, 6, 7, 10, 11, 12, 13, 14, 15, 16, 17, 18]",6,6,,1,12,False,0.307921439409256,651,26.134741979999944,True,17,-3.4350000000000005,-3.4350000000000005,0.0,1.0,6,-1.6800000000000002,-1.6800000000000002,0.0,1.0,6,1.0
intelif-qwen3-4b/decision,intelif-qwen3-4b@v0.1,1000,22,........../........../........../........../........../........../........../........../........../........../........../........../........../........../........../........../......##../###.####.#/#########./#########.,L,J,"[0, 1, 2, 3, 4, 5, 6, 7, 10, 11, 12, 13, 14, 15, 16, 17, 18, 20, 21, 22, 23, 24, 25, 26, 27, 30, 31, 32, 33, 34, 35, 36, 37, 38]",23,23,,0,12,False,0.3736784160137176,1177,37.670898948000286,True,34,-1.7000000000000002,-2.825,1.125,2.0,37,-1.82,-2.8200000000000003,1.0000000000000002,2.0,37,0.0
intelif-qwen3-4b/decision,intelif-qwen3-4b@v0.1,1000,23,........../........../........../........../........../........../........../........../........../........../........../........../........../........../........../........../...#####../########.#/#########./#########.,J,T,"[0, 1, 2, 3, 4, 5, 6, 7, 10, 11, 12, 13, 14, 15, 16, 17, 18, 20, 21, 22, 23, 24, 25, 26, 27, 30, 31, 32, 33, 34, 35, 36, 37, 38]",18,18,,1,14,False,0.2998765408992767,1171,31.56251710300012,True,34,-1.9000000000000001,-4.91,3.01,22.0,5,-1.4900000000000002,-4.47,2.9799999999999995,19.0,0,0.0
intelif-qwen3-4b/decision,intelif-qwen3-4b@v0.1,1000,24,........../........../........../........../........../........../........../........../........../........../........../........../........../........../........../........../........##/...######./#########./#########.,T,O,"[0, 1, 2, 3, 4, 5, 6, 7, 10, 11, 12, 13, 14, 15, 16, 17, 18, 20, 21, 22, 23, 24, 25, 26, 27, 30, 31, 32, 33, 34, 35, 36, 37, 38]",3,3,,0,14,False,0.1287396550178527,1180,32.68792952099966,True,34,-1.415,-3.5250000000000004,2.1100000000000003,11.0,2,-1.6300000000000001,-4.750000000000001,3.120000000000001,5.0,12,0.0
intelif-qwen3-4b/decision,intelif-qwen3-4b@v0.1,1000,25,........../........../........../........../........../........../........../........../........../........../........../........../........../........../........../....#...../...###..##/...######./#########./#########.,O,J,"[0, 1, 2, 3, 4, 5, 6, 7, 8]",1,1,,0,14,False,0.3876306116580963,387,12.046682210999734,True,9,-1.96,-3.4650000000000003,1.5050000000000003,5.0,6,-0.8200000000000001,-2.0300000000000002,1.2100000000000002,2.0,6,0.0
intelif-qwen3-4b/decision,intelif-qwen3-4b@v0.1,1000,26,........../........../........../........../........../........../........../........../........../........../........../........../........../........../........../....#...../.#####..##/.########./#########./#########.,J,I,"[0, 1, 2, 3, 4, 5, 6, 7, 10, 11, 12, 13, 14, 15, 16, 17, 18, 20, 21, 22, 23, 24, 25, 26, 27, 30, 31, 32, 33, 34, 35, 36, 37, 38]",10,10,,0,14,False,0.2920920550823211,1182,31.571951454999635,True,34,-2.5450000000000004,-4.84,2.2949999999999995,15.0,1,-2.1100000000000003,-2.3200000000000003,0.20999999999999996,5.0,1,0.0
intelif-qwen3-4b/decision,intelif-qwen3-4b@v0.1,1000,27,........../........../........../........../........../........../........../........../........../........../........../........../........../........../........../##..#...../######..##/#########./#########./#########.,I,Z,"[0, 1, 2, 3, 4, 5, 6, 10, 11, 12, 13, 14, 15, 16, 17, 18, 19]",5,5,,0,14,False,0.209771066904068,629,17.721137709999766,True,17,-1.225,-4.750000000000001,3.525000000000001,14.0,10,-2.46,-4.880000000000001,2.420000000000001,12.0,10,0.0
intelif-qwen3-4b/decision,intelif-qwen3-4b@v0.1,1000,28,........../........../........../........../........../........../........../........../........../........../........../........../........../........../........../##..#####./######..##/#########./#########./#########.,Z,Z,"[0, 1, 2, 3, 4, 5, 6, 7, 10, 11, 12, 13, 14, 15, 16, 17, 18]",1,1,,0,14,False,0.3552553355693817,653,18.39804648800009,True,17,-6.465,-6.465,0.0,1.0,1,-5.930000000000001,-5.930000000000001,0.0,1.0,1,1.0
intelif-qwen3-4b/decision,intelif-qwen3-4b@v0.1,1000,29,........../........../........../........../........../........../........../........../........../........../........../........../........../........../.##......./#########./######..##/#########./#########./#########.,Z,O,"[0, 1, 2, 3, 4, 5, 6, 7, 10, 11, 12, 13, 14, 15, 16, 17, 18]",3,3,,0,14,False,0.1499368399381637,655,19.60142651000024,True,17,-6.37,-8.66,2.29,8.0,10,-7.5,-8.43,0.9299999999999997,7.0,2,0.0
intelif-qwen3-4b/decision,intelif-qwen3-4b@v0.1,1000,30,........../........../........../........../........../........../........../........../........../........../........../........../........../...##...../.##.##..../#########./######..##/#########./#########./#########.,O,J,"[0, 1, 2, 3, 4, 5, 6, 7, 8]",6,6,,0,14,False,0.2013043463230133,393,12.688070655000049,True,9,-7.755000000000001,-8.545000000000002,0.7900000000000009,4.0,3,-6.47,-8.110000000000001,1.6400000000000015,6.0,1,0.0
intelif-qwen3-4b/decision,intelif-qwen3-4b@v0.1,1000,31,........../........../........../........../........../........../........../........../........../........../........../........../........../...##.##../.##.####../#########./######..##/#########./#########./#########.,J,O,"[0, 1, 2, 3, 4, 5, 6, 7, 10, 11, 12, 13, 14, 15, 16, 17, 18, 20, 21, 22, 23, 24, 25, 26, 27, 30, 31, 32, 33, 34, 35, 36, 37, 38]",23,23,,0,14,False,0.2215296477079391,1192,31.52143756000032,True,34,-9.004999999999999,-9.13,0.12500000000000178,2.0,36,-8.31,-8.31,0.0,1.0,23,1.0
intelif-qwen3-4b/decision,intelif-qwen3-4b@v0.1,1000,32,........../........../........../........../........../........../........../........../........../........../........../........../...###..../...#####../.##.####../#########./######..##/#########./#########./#########.,O,Z,"[0, 1, 2, 3, 4, 5, 6, 7, 8]",1,1,,0,14,False,0.5451493859291077,391,12.701982269999917,True,9,-9.195,-9.35,0.15499999999999936,3.0,6,-9.190000000000001,-9.210000000000003,0.02000000000000135,3.0,3,0.0
intelif-qwen3-4b/decision,intelif-qwen3-4b@v0.1,1000,33,........../........../........../........../........../........../........../........../........../........../........../........../.#####..../.#######../.##.####../#########./######..##/#########./#########./#########.,Z,Z,"[0, 1, 2, 3, 4, 5, 6, 7, 10, 11, 12, 13, 14, 15, 16, 17, 18]",7,7,,0,14,False,0.1530169248580932,653,18.71377802799998,True,17,-9.525,-11.305,1.7799999999999994,13.0,18,-9.57,-11.870000000000003,2.3000000000000025,13.0,5,0.0
intelif-qwen3-4b/decision,intelif-qwen3-4b@v0.1,1000,34,........../........../........../........../........../........../........../........../........../........../........../........../.#####.##./.#########/.##.####../#########./######..##/#########./#########./#########.,Z,O,"[0, 1, 2, 3, 4, 5, 6, 7, 10, 11, 12, 13, 14, 15, 16, 17, 18]",10,10,,0,14,False,0.1355322450399398,660,19.24368797599982,True,17,-10.43,-12.455000000000002,2.025000000000002,9.0,16,-9.830000000000002,-13.71,3.879999999999999,16.0,16,0.0
intelif-qwen3-4b/decision,intelif-qwen3-4b@v0.1,1000,35,........../........../........../........../........../........../........../........../........../........../.#......../##......../######.##./.#########/.##.####../#########./######..##/#########./#########./#########.,O,Z,"[0, 1, 2, 3, 4, 5, 6, 7, 8]",2,2,,0,14,False,0.7244449853897095,386,13.453174149999995,True,9,-11.59,-11.59,0.0,1.0,2,-13.83,-13.83,0.0,1.0,2,1.0
intelif-qwen3-4b/decision,intelif-qwen3-4b@v0.1,1000,36,........../........../........../........../........../........../........../........../........../........../.###....../####....../######.##./.#########/.##.####../#########./######..##/#########./#########./#########.,Z,J,"[0, 1, 2, 3, 4, 5, 6, 7, 10, 11, 12, 13, 14, 15, 16, 17, 18]",4,4,,0,14,False,0.3703140020370483,651,18.64795108699991,True,17,-12.715000000000002,-15.485,2.769999999999998,9.0,12,-13.680000000000001,-15.630000000000003,1.950000000000001,8.0,16,0.0
intelif-qwen3-4b/decision,intelif-qwen3-4b@v0.1,1000,37,........../........../........../........../........../........../........../........../........../........../.#####..../####.##.../######.##./.#########/.##.####../#########./######..##/#########./#########./#########.,J,I,"[0, 1, 2, 3, 4, 5, 6, 7, 10, 11, 12, 13, 14, 15, 16, 17, 18, 20, 21, 22, 23, 24, 25, 26, 27, 30, 31, 32, 33, 34, 35, 36, 37, 38]",7,7,,0,14,False,0.156503677368164,1182,31.736047277000125,True,34,-13.91,-17.21,3.3000000000000007,19.0,27,-14.540000000000003,-16.740000000000002,2.1999999999999993,15.0,27,0.0
intelif-qwen3-4b/decision,intelif-qwen3-4b@v0.1,1000,38,........../........../........../........../........../........../........../........../........../........../.#####.#../####.#####/######.##./.#########/.##.####../#########./######..##/#########./#########./#########.,I,T,"[0, 1, 2, 3, 4, 5, 6, 10, 11, 12, 13, 14, 15, 16, 17, 18, 19]",0,0,,0,14,False,0.1651327759027481,638,17.945026538000093,True,17,-16.605,-18.045,1.4400000000000013,15.0,19,-16.44,-17.839999999999996,1.399999999999995,15.0,2,0.0
intelif-qwen3-4b/decision,intelif-qwen3-4b@v0.1,1000,39,........../........../........../........../........../........../........../........../........../####....../.#####.#../####.#####/######.##./.#########/.##.####../#########./######..##/#########./#########./#########.,T,T,"[0, 1, 2, 3, 4, 5, 6, 7, 10, 11, 12, 13, 14, 15, 16, 17, 18, 20, 21, 22, 23, 24, 25, 26, 27, 30, 31, 32, 33, 34, 35, 36, 37, 38]",25,25,,0,14,False,0.2649828195571899,1190,32.14767408699936,True,34,-16.87,-18.240000000000002,1.370000000000001,10.0,38,-16.64,-18.039999999999996,1.399999999999995,8.0,4,0.0
intelif-qwen3-4b/decision,intelif-qwen3-4b@v0.1,1000,40,........../........../........../........../........../........../........../........../........../####.###../.#######../####.#####/######.##./.#########/.##.####../#########./######..##/#########./#########./#########.,T,S,"[0, 1, 2, 3, 4, 5, 6, 7, 10, 11, 12, 13, 14, 15, 16, 17, 18, 20, 21, 22, 23, 24, 25, 26, 27, 30, 31, 32, 33, 34, 35, 36, 37, 38]",23,23,,0,14,False,0.1421681046485901,1196,32.217482764000124,True,34,-16.125,-18.175,2.0500000000000007,6.0,38,-16.889999999999997,-16.889999999999997,0.0,1.0,23,1.0
intelif-qwen3-4b/decision,intelif-qwen3-4b@v0.1,1000,41,........../........../........../........../........../........../........../........../...###..../########../.#######../####.#####/######.##./.#########/.##.####../#########./######..##/#########./#########./#########.,S,O,"[0, 1, 2, 3, 4, 5, 6, 7, 10, 11, 12, 13, 14, 15, 16, 17, 18]",18,18,,1,16,False,0.2121118903160095,660,19.348204355000235,True,17,-17.064999999999998,-18.1,1.0350000000000037,6.0,1,-16.68,-17.930000000000003,1.2500000000000036,7.0,15,0.0
intelif-qwen3-4b/decision,intelif-qwen3-4b@v0.1,1000,42,........../........../........../........../........../........../........../........../........../...###..#./.#######.#/####.#####/######.##./.#########/.##.####../#########./######..##/#########./#########./#########.,O,Z,"[0, 1, 2, 3, 4, 5, 6, 7, 8]",6,6,,0,16,False,0.3721474111080169,405,13.784736325999802,True,9,-18.625,-18.67,0.045000000000001705,3.0,1,-18.16,-18.3,0.14000000000000057,3.0,1,0.0
intelif-qwen3-4b/decision,intelif-qwen3-4b@v0.1,1000,43,........../........../........../........../........../........../........../........../......##../...######./.#######.#/####.#####/######.##./.#########/.##.####../#########./######..##/#########./#########./#########.,Z,T,"[0, 1, 2, 3, 4, 5, 6, 7, 10, 11, 12, 13, 14, 15, 16, 17, 18]",0,0,,0,16,False,0.1614366322755813,656,18.91256021800018,True,17,-18.365000000000002,-18.365000000000002,0.0,1.0,0,-17.9,-20.050000000000004,2.1500000000000057,10.0,10,0.0
intelif-qwen3-4b/decision,intelif-qwen3-4b@v0.1,1000,44,........../........../........../........../........../........../........../........../##....##../.########./.#######.#/####.#####/######.##./.#########/.##.####../#########./######..##/#########./#########./#########.,T,T,"[0, 1, 2, 3, 4, 5, 6, 7, 10, 11, 12, 13, 14, 15, 16, 17, 18, 20, 21, 22, 23, 24, 25, 26, 27, 30, 31, 32, 33, 34, 35, 36, 37, 38]",3,3,,0,16,False,0.141460970044136,1200,32.62473972600037,True,34,-18.535000000000004,-19.53,0.9949999999999974,7.0,31,-18.12,-18.94,0.8200000000000003,4.0,31,0.0
intelif-qwen3-4b/decision,intelif-qwen3-4b@v0.1,1000,45,........../........../........../........../........../........../........../....#...../##.#####../.########./.#######.#/####.#####/######.##./.#########/.##.####../#########./######..##/#########./#########./#########.,T,J,"[0, 1, 2, 3, 4, 5, 6, 7, 10, 11, 12, 13, 14, 15, 16, 17, 18, 20, 21, 22, 23, 24, 25, 26, 27, 30, 31, 32, 33, 34, 35, 36, 37, 38]",21,21,,0,16,False,0.2692005336284637,1187,32.07920806900074,True,34,-18.18,-19.665000000000003,1.485000000000003,5.0,5,-17.77,-19.190000000000005,1.4200000000000053,3.0,38,0.0
intelif-qwen3-4b/decision,intelif-qwen3-4b@v0.1,1000,46,........../........../........../........../........../........../........../.####...../########../.########./.#######.#/####.#####/######.##./.#########/.##.####../#########./######..##/#########./#########./#########.,J,S,"[0, 1, 2, 3, 4, 5, 6, 7, 10, 11, 12, 13, 14, 15, 16, 17, 18, 20, 21, 22, 23, 24, 25, 26, 27, 30, 31, 32, 33, 34, 35, 36, 37, 38]",38,38,,1,18,False,0.1518862396478653,1185,31.51082332899932,True,34,-18.689999999999998,-20.265,1.5750000000000028,15.0,23,-18.57,-20.21,1.6400000000000006,13.0,5,0.0
intelif-qwen3-4b/decision,intelif-qwen3-4b@v0.1,1000,47,........../........../........../........../........../........../........../.........#/.####....#/.########./.#######.#/####.#####/######.##./.#########/.##.####../#########./######..##/#########./#########./#########.,S,J,"[0, 1, 2, 3, 4, 5, 6, 7, 10, 11, 12, 13, 14, 15, 16, 17, 18]",6,6,,0,18,False,0.2344033569097519,661,19.0453809010005,True,17,-19.479999999999997,-20.92,1.4400000000000048,2.0,14,-19.680000000000003,-20.410000000000004,0.7300000000000004,2.0,14,0.0
intelif-qwen3-4b/decision,intelif-qwen3-4b@v0.1,1000,48,........../........../........../........../........../........../........../.......###/.####.##.#/.########./.#######.#/####.#####/######.##./.#########/.##.####../#########./######..##/#########./#########./#########.,J,Z,"[0, 1, 2, 3, 4, 5, 6, 7, 10, 11, 12, 13, 14, 15, 16, 17, 18, 20, 21, 22, 23, 24, 25, 26, 27, 30, 31, 32, 33, 34, 35, 36, 37, 38]",23,23,,0,18,False,0.2110612243413925,1188,31.7669331369998,True,34,-19.590000000000003,-20.505000000000003,0.9149999999999991,4.0,10,-19.41,-20.69,1.2800000000000011,5.0,2,0.0
intelif-qwen3-4b/decision,intelif-qwen3-4b@v0.1,1000,49,........../........../........../........../........../........../........../...###.###/.#######.#/.########./.#######.#/####.#####/######.##./.#########/.##.####../#########./######..##/#########./#########./#########.,Z,Z,"[0, 1, 2, 3, 4, 5, 6, 7, 10, 11, 12, 13, 14, 15, 16, 17, 18]",3,3,,0,18,False,0.1326422989368438,667,19.46820193900021,True,17,-18.910000000000004,-21.520000000000003,2.6099999999999994,5.0,10,-19.69,-20.520000000000003,0.8300000000000018,2.0,16,0.0
intelif-qwen3-4b/decision,intelif-qwen3-4b@v0.1,1000,50,........../........../........../........../........../...##...../....##..../...###.###/.#######.#/.########./.#######.#/####.#####/######.##./.#########/.##.####../#########./######..##/#########./#########./#########.,Z,I,"[0, 1, 2, 3, 4, 5, 6, 7, 10, 11, 12, 13, 14, 15, 16, 17, 18]",16,16,,0,18,False,0.2088104039430618,654,18.072586888999467,True,17,-21.045,-21.045,0.0,1.0,16,-21.959999999999997,-21.959999999999997,0.0,1.0,16,1.0
intelif-qwen3-4b/decision,intelif-qwen3-4b@v0.1,1000,51,........../........../........../........../........../...##..#../....####../...#######/.#######.#/.########./.#######.#/####.#####/######.##./.#########/.##.####../#########./######..##/#########./#########./#########.,I,L,"[0, 1, 2, 3, 4, 5, 6, 10, 11, 12, 13, 14, 15, 16, 17, 18, 19]",10,10,,0,18,False,0.3546867370605469,648,17.839347310999983,True,17,-20.680000000000003,-20.680000000000003,0.0,1.0,10,-20.28,-20.28,0.0,1.0,10,1.0
intelif-qwen3-4b/decision,intelif-qwen3-4b@v0.1,1000,52,........../........../........../........../........../...##..#../....####../#..#######/########.#/#########./########.#/####.#####/######.##./.#########/.##.####../#########./######..##/#########./#########./#########.,L,J,"[0, 1, 2, 3, 4, 5, 6, 7, 10, 11, 12, 13, 14, 15, 16, 17, 18, 20, 21, 22, 23, 24, 25, 26, 27, 30, 31, 32, 33, 34, 35, 36, 37, 38]",11,11,,1,20,False,0.1862242668867111,1191,31.006930632999683,True,34,-20.675000000000004,-20.805,0.12999999999999545,2.0,15,-21.050000000000004,-21.050000000000004,0.0,1.0,11,1.0
intelif-qwen3-4b/decision,intelif-qwen3-4b@v0.1,1000,53,........../........../........../........../........../........../.#.##..#../.#..####../########.#/#########./########.#/####.#####/######.##./.#########/.##.####../#########./######..##/#########./#########./#########.,J,L,"[0, 1, 2, 3, 4, 5, 6, 7, 10, 11, 12, 13, 14, 15, 16, 17, 18, 20, 21, 22, 23, 24, 25, 26, 27, 30, 31, 32, 33, 34, 35, 36, 37, 38]",18,18,,1,22,False,0.2593958079814911,1193,31.30309437399956,True,34,-21.18,-21.97,0.7899999999999991,7.0,35,-21.330000000000002,-21.46,0.129999999999999,6.0,12,0.0
intelif-qwen3-4b/decision,intelif-qwen3-4b@v0.1,1000,54,........../........../........../........../........../........../........../.#.##..###/.#..#####./#########./########.#/####.#####/######.##./.#########/.##.####../#########./######..##/#########./#########./#########.,L,I,"[0, 1, 2, 3, 4, 5, 6, 7, 10, 11, 12, 13, 14, 15, 16, 17, 18, 20, 21, 22, 23, 24, 25, 26, 27, 30, 31, 32, 33, 34, 35, 36, 37, 38]",3,3,,0,22,False,0.1049430221319198,1195,32.08209839199935,True,34,-19.165,-22.995000000000005,3.8300000000000054,10.0,31,-18.73,-22.560000000000002,3.830000000000002,10.0,31,0.0
intelif-qwen3-4b/decision,intelif-qwen3-4b@v0.1,1000,55,........../........../........../........../........../.....#..../...###..../.#.##..###/.#..#####./#########./########.#/####.#####/######.##./.#########/.##.####../#########./######..##/#########./#########./#########.,I,I,"[0, 1, 2, 3, 4, 5, 6, 10, 11, 12, 13, 14, 15, 16, 17, 18, 19]",12,12,,0,22,False,0.2024564146995544,637,18.15577871700043,True,17,-22.945,-22.945,0.0,2.0,10,-22.18,-22.78,0.6000000000000014,4.0,6,0.0
intelif-qwen3-4b/decision,intelif-qwen3-4b@v0.1,1000,56,........../........../........../........../........../..#..#..../..####..../.####..###/.##.#####./#########./########.#/####.#####/######.##./.#########/.##.####../#########./######..##/#########./#########./#########.,I,L,"[0, 1, 2, 3, 4, 5, 6, 10, 11, 12, 13, 14, 15, 16, 17, 18, 19]",10,10,,0,22,False,0.2379496395587921,646,18.17402449100064,True,17,-22.810000000000002,-22.810000000000002,0.0,1.0,10,-22.92,-22.92,0.0,1.0,10,1.0
intelif-qwen3-4b/decision,intelif-qwen3-4b@v0.1,1000,57,........../........../........../........../........../#.#..#..../#.####..../#####..###/###.#####./#########./########.#/####.#####/######.##./.#########/.##.####../#########./######..##/#########./#########./#########.,L,T,"[0, 1, 2, 3, 4, 5, 6, 7, 10, 11, 12, 13, 14, 15, 16, 17, 18, 20, 21, 22, 23, 24, 25, 26, 27, 30, 31, 32, 33, 34, 35, 36, 37, 38]",6,6,,0,22,False,0.2345047742128372,1188,31.37555774700013,True,34,-23.060000000000002,-24.009999999999998,0.9499999999999957,7.0,30,-22.630000000000003,-24.11,1.4799999999999969,11.0,26,0.0
intelif-qwen3-4b/decision,intelif-qwen3-4b@v0.1,1000,58,........../........../........../........../........../#.#..#..#./#.#######./#####..###/###.#####./#########./########.#/####.#####/######.##./.#########/.##.####../#########./######..##/#########./#########./#########.,T,I,"[0, 1, 2, 3, 4, 5, 6, 7, 10, 11, 12, 13, 14, 15, 16, 17, 18, 20, 21, 22, 23, 24, 25, 26, 27, 30, 31, 32, 33, 34, 35, 36, 37, 38]",11,11,,0,22,False,0.1154671981930732,1200,31.47790592199999,True,34,-23.485,-25.005000000000003,1.5200000000000031,7.0,17,-24.4,-25.13,0.7300000000000004,6.0,14,0.0
intelif-qwen3-4b/decision,intelif-qwen3-4b@v0.1,1000,59,........../........../........../.#......../.##......./###..#..#./#.#######./#####..###/###.#####./#########./########.#/####.#####/######.##./.#########/.##.####../#########./######..##/#########./#########./#########.,I,Z,"[0, 1, 2, 3, 4, 5, 6, 10, 12, 13, 14, 15, 16, 17, 18, 19]",3,3,,0,22,False,0.1554682403802871,608,19.119535382999857,True,16,-25.310000000000002,-26.79,1.4799999999999969,7.0,10,-25.41,-27.760000000000005,2.350000000000005,9.0,13,0.0
intelif-qwen3-4b/decision,intelif-qwen3-4b@v0.1,1000,60,........../........../........../.#......../.######.../###..#..#./#.#######./#####..###/###.#####./#########./########.#/####.#####/######.##./.#########/.##.####../#########./######..##/#########./#########./#########.,Z,T,"[0, 1, 2, 3, 4, 5, 6, 7, 10, 11, 12, 13, 14, 15, 16, 17, 18]",6,6,,0,22,False,0.2625329196453094,664,18.86157688900039,True,17,-29.49,-79.43,49.94000000000001,5.0,10,-28.160000000000004,-29.03,0.8699999999999974,5.0,1,0.0
intelif-qwen3-4b/decision,intelif-qwen3-4b@v0.1,1000,61,........../........../........../.#....##../.########./###..#..#./#.#######./#####..###/###.#####./#########./########.#/####.#####/######.##./.#########/.##.####../#########./######..##/#########./#########./#########.,T,L,"[0, 1, 2, 3, 4, 5, 6, 7, 10, 11, 12, 13, 14, 15, 16, 17, 18, 20, 21, 22, 23, 24, 25, 26, 27, 30, 31, 32, 33, 34, 35, 36, 37, 38]",3,3,,0,22,False,0.1458656638860702,1207,31.59693986599996,True,34,-31.025,-129.37,98.345,7.0,38,-29.23,-29.37,0.14000000000000057,5.0,31,0.0
intelif-qwen3-4b/decision,intelif-qwen3-4b@v0.1,1000,62,........../........../....#...../.#.#####../.########./###..#..#./#.#######./#####..###/###.#####./#########./########.#/####.#####/######.##./.#########/.##.####../#########./######..##/#########./#########./#########.,L,L,"[0, 1, 2, 3, 4, 5, 6, 7, 10, 11, 12, 15, 16, 17, 18, 20, 21, 22, 23, 24, 25, 26, 27, 30, 31, 32, 34, 35, 36, 37, 38]",1,1,,0,22,False,0.1614721566438675,1110,29.54121454699998,True,31,-80.34,-130.39000000000001,50.05000000000001,12.0,38,-29.55,-30.42,0.870000000000001,4.0,5,0.0
intelif-qwen3-4b/decision,intelif-qwen3-4b@v0.1,1000,63,........../...#....../.####...../.#.#####../.########./###..#..#./#.#######./#####..###/###.#####./#########./########.#/####.#####/######.##./.#########/.##.####../#########./######..##/#########./#########./#########.,L,S,"[0, 4, 5, 6, 7, 15, 16, 17, 18, 20, 21, 22, 24, 25, 26, 27, 34, 35, 36, 37, 38]",5,5,,0,22,False,0.1646727323532104,779,21.18154279400005,True,21,-130.22,-130.42000000000002,0.20000000000001705,3.0,15,-31.270000000000003,-32.14,0.8699999999999974,3.0,6,0.0
intelif-qwen3-4b/decision,intelif-qwen3-4b@v0.1,1000,64,........../...#...#../.#######../.#.#####../.########./###..#..#./#.#######./#####..###/###.#####./#########./########.#/####.#####/######.##./.#########/.##.####../#########./######..##/#########./#########./#########.,S,T,"[0, 1, 4, 5, 18]",4,4,,0,22,True,0.2922202348709106,290,11.130258175999188,True,5,-130.42000000000002,-131.21,0.789999999999992,3.0,1,-32.11,-131.21,99.10000000000001,4.0,18,0.0
intelif-qwen3-4b/decision,intelif-qwen3-4b@v0.1,1001,0,........../........../........../........../........../........../........../........../........../........../........../........../........../........../........../........../........../........../........../..........,T,I,"[0, 1, 2, 3, 4, 5, 6, 7, 10, 11, 12, 13, 14, 15, 16, 17, 18, 20, 21, 22, 23, 24, 25, 26, 27, 30, 31, 32, 33, 34, 35, 36, 37, 38]",4,4,,0,0,False,0.1285379976034164,1179,35.05145721600002,True,34,-0.7050000000000001,-0.73,0.02499999999999991,3.0,2,-0.21,-0.24,0.03,4.0,3,0.0
intelif-qwen3-4b/decision,intelif-qwen3-4b@v0.1,1001,1,........../........../........../........../........../........../........../........../........../........../........../........../........../........../........../........../........../........../.....#..../....###...,I,T,"[0, 1, 2, 3, 4, 5, 6, 10, 11, 12, 13, 14, 15, 16, 17, 18, 19]",0,0,,0,0,False,0.4495697319507599,624,19.14227514600043,True,17,-0.9100000000000001,-0.9800000000000001,0.06999999999999995,2.0,19,-0.46,-0.46,0.0,1.0,0,1.0
intelif-qwen3-4b/decision,intelif-qwen3-4b@v0.1,1001,2,........../........../........../........../........../........../........../........../........../........../........../........../........../........../........../........../........../........../.....#..../#######...,T,T,"[0, 1, 2, 3, 4, 5, 6, 7, 10, 11, 12, 13, 14, 15, 16, 17, 18, 20, 21, 22, 23, 24, 25, 26, 27, 30, 31, 32, 33, 34, 35, 36, 37, 38]",7,7,,1,2,False,0.1862755119800567,1177,33.43201200199928,True,34,-1.0150000000000001,-1.17,0.1549999999999998,3.0,0,-0.6900000000000001,-0.77,0.07999999999999996,5.0,1,0.0
intelif-qwen3-4b/decision,intelif-qwen3-4b@v0.1,1001,3,........../........../........../........../........../........../........../........../........../........../........../........../........../........../........../........../........../........../........../.....#..#.,T,J,"[0, 1, 2, 3, 4, 5, 6, 7, 10, 11, 12, 13, 14, 15, 16, 17, 18, 20, 21, 22, 23, 24, 25, 26, 27, 30, 31, 32, 33, 34, 35, 36, 37, 38]",2,2,,0,2,False,0.0946520119905471,1182,33.567189406999205,True,34,-0.9600000000000001,-1.395,0.43499999999999994,4.0,0,-0.9100000000000001,-1.0,0.08999999999999986,3.0,38,0.0
intelif-qwen3-4b/decision,intelif-qwen3-4b@v0.1,1001,4,........../........../........../........../........../........../........../........../........../........../........../........../........../........../........../........../........../........../...#....../..####..#.,J,T,"[0, 1, 2, 3, 4, 5, 6, 7, 10, 11, 12, 13, 14, 15, 16, 17, 18, 20, 21, 22, 23, 24, 25, 26, 27, 30, 31, 32, 33, 34, 35, 36, 37, 38]",24,24,,0,2,False,0.3558206558227539,1181,33.375092030000815,True,34,-1.01,-1.01,0.0,1.0,24,-1.1600000000000001,-1.2000000000000002,0.040000000000000036,2.0,36,0.0
intelif-qwen3-4b/decision,intelif-qwen3-4b@v0.1,1001,5,........../........../........../........../........../........../........../........../........../........../........../........../........../........../........../........../........../........../...####.../..#####.#.,T,I,"[0, 1, 2, 3, 4, 5, 6, 7, 10, 11, 12, 13, 14, 15, 16, 17, 18, 20, 21, 22, 23, 24, 25, 26, 27, 30, 31, 32, 33, 34, 35, 36, 37, 38]",20,20,,0,2,False,0.1227968111634254,1178,33.744206455000494,True,34,-0.995,-2.4350000000000005,1.4400000000000004,11.0,38,-0.81,-2.22,1.4100000000000001,9.0,17,0.0
intelif-qwen3-4b/decision,intelif-qwen3-4b@v0.1,1001,6,........../........../........../........../........../........../........../........../........../........../........../........../........../........../........../........../........../........../#######.../.######.#.,I,S,"[0, 1, 2, 3, 4, 5, 6, 10, 11, 12, 13, 14, 15, 16, 17, 18, 19]",4,4,,0,2,False,0.2066673189401626,622,19.484327488000417,True,17,-0.9550000000000001,-2.87,1.915,14.0,17,-1.03,-4.050000000000001,3.0200000000000005,15.0,17,0.0
intelif-qwen3-4b/decision,intelif-qwen3-4b@v0.1,1001,7,........../........../........../........../........../........../........../........../........../........../........../........../........../........../........../........../........../....####../#######.../.######.#.,S,O,"[0, 1, 2, 3, 4, 5, 6, 7, 10, 11, 12, 13, 14, 15, 16, 17, 18]",18,18,,0,2,False,0.3855155110359192,646,20.4091583190002,True,17,-2.005,-2.005,0.0,2.0,2,-4.250000000000001,-4.250000000000001,0.0,2.0,2,0.0
intelif-qwen3-4b/decision,intelif-qwen3-4b@v0.1,1001,8,........../........../........../........../........../........../........../........../........../........../........../........../........../........../........../........../........../....#####./#######.##/.######.##,O,T,"[0, 1, 2, 3, 4, 5, 6, 7, 8]",4,4,,0,2,False,0.1843014359474182,387,13.729185630999382,True,9,-3.495,-3.495,0.0,1.0,4,-4.5200000000000005,-4.59,0.0699999999999994,6.0,5,0.0
intelif-qwen3-4b/decision,intelif-qwen3-4b@v0.1,1001,9,........../........../........../........../........../........../........../........../........../........../........../........../........../........../........../....##..../....##..../....#####./#######.##/.######.##,T,J,"[0, 1, 2, 3, 4, 5, 6, 7, 10, 11, 12, 13, 14, 15, 16, 17, 18, 20, 21, 22, 23, 24, 25, 26, 27, 30, 31, 32, 33, 34, 35, 36, 37, 38]",6,6,,0,2,False,0.086574338376522,1164,32.764095432999966,True,34,-2.5000000000000004,-5.210000000000001,2.7100000000000004,2.0,38,-2.63,-4.760000000000001,2.130000000000001,3.0,38,0.0
intelif-qwen3-4b/decision,intelif-qwen3-4b@v0.1,1001,10,........../........../........../........../........../........../........../........../........../........../........../........../........../........../........../....##.#../....#####./....#####./#######.##/.######.##,J,O,"[0, 1, 2, 3, 4, 5, 6, 7, 10, 11, 12, 13, 14, 15, 16, 17, 18, 20, 21, 22, 23, 24, 25, 26, 27, 30, 31, 32, 33, 34, 35, 36, 37, 38]",32,32,,0,2,False,0.1085093766450882,1161,33.12247327299974,True,34,-4.42,-4.42,0.0,1.0,32,-4.49,-4.49,0.0,1.0,32,1.0
intelif-qwen3-4b/decision,intelif-qwen3-4b@v0.1,1001,11,........../........../........../........../........../........../........../........../........../........../........../........../........../........../........../...###.#../...######./..#######./#######.##/.######.##,O,Z,"[0, 1, 2, 3, 4, 5, 6, 7, 8]",0,0,,0,2,False,0.4860481023788452,391,14.398161502999756,True,9,-4.984999999999999,-4.984999999999999,0.0,1.0,0,-5.29,-5.29,0.0,1.0,0,1.0
intelif-qwen3-4b/decision,intelif-qwen3-4b@v0.1,1001,12,........../........../........../........../........../........../........../........../........../........../........../........../........../........../........../...###.#../##.######./#########./#######.##/.######.##,Z,L,"[0, 1, 2, 3, 4, 5, 6, 7, 10, 11, 12, 13, 14, 15, 16, 17, 18]",7,7,,0,2,False,0.125423714518547,656,20.663024076999136,True,17,-3.8350000000000004,-4.860000000000001,1.0250000000000008,3.0,13,-3.750000000000001,-7.1,3.3499999999999988,12.0,16,0.0
intelif-qwen3-4b/decision,intelif-qwen3-4b@v0.1,1001,13,........../........../........../........../........../........../........../........../........../........../........../........../........../........../.......##./...###.###/##.######./#########./#######.##/.######.##,L,S,"[0, 1, 2, 3, 4, 5, 6, 7, 10, 11, 12, 13, 14, 15, 16, 17, 18, 20, 21, 22, 23, 24, 25, 26, 27, 30, 31, 32, 33, 34, 35, 36, 37, 38]",0,0,,0,2,False,0.1216624453663826,1177,33.00837643799969,True,34,-5.59,-5.785,0.19500000000000028,3.0,11,-5.22,-5.38,0.16000000000000014,3.0,11,0.0
intelif-qwen3-4b/decision,intelif-qwen3-4b@v0.1,1001,14,........../........../........../........../........../........../........../........../........../........../........../........../........../........../..#....##./######.###/##.######./#########./#######.##/.######.##,S,Z,"[0, 1, 2, 3, 4, 5, 6, 7, 10, 11, 12, 13, 14, 15, 16, 17, 18]",15,15,,1,4,False,0.2047059088945388,653,19.38250125600097,True,17,-6.630000000000001,-6.630000000000001,0.0,1.0,15,-5.58,-5.58,0.0,1.0,15,1.0
intelif-qwen3-4b/decision,intelif-qwen3-4b@v0.1,1001,15,........../........../........../........../........../........../........../........../........../........../........../........../........../........../.....#..../..#..####./##.######./#########./#######.##/.######.##,Z,T,"[0, 1, 2, 3, 4, 5, 6, 7, 10, 11, 12, 13, 14, 15, 16, 17, 18]",2,2,,0,4,False,0.5845052003860474,652,19.82010973799879,True,17,-6.295,-6.34,0.04499999999999993,2.0,5,-6.46,-6.46,0.0,1.0,2,1.0
intelif-qwen3-4b/decision,intelif-qwen3-4b@v0.1,1001,16,........../........../........../........../........../........../........../........../........../........../........../........../........../........../..##.#..../..#######./##.######./#########./#######.##/.######.##,T,O,"[0, 1, 2, 3, 4, 5, 6, 7, 10, 11, 12, 13, 14, 15, 16, 17, 18, 20, 21, 22, 23, 24, 25, 26, 27, 30, 31, 32, 33, 34, 35, 36, 37, 38]",23,23,,0,4,False,0.1100349426269531,1190,33.51489196699913,True,34,-5.835,-6.505000000000001,0.6700000000000008,3.0,35,-6.6000000000000005,-6.6000000000000005,0.0,1.0,23,1.0
intelif-qwen3-4b/decision,intelif-qwen3-4b@v0.1,1001,17,........../........../........../........../........../........../........../........../........../........../........../........../........../...###..../..####..../..#######./##.######./#########./#######.##/.######.##,O,T,"[0, 1, 2, 3, 4, 5, 6, 7, 8]",6,6,,0,4,False,0.467819333076477,387,13.820399596999778,True,9,-6.455,-7.035,0.5800000000000001,2.0,0,-6.85,-6.94,0.09000000000000075,2.0,0,0.0
intelif-qwen3-4b/decision,intelif-qwen3-4b@v0.1,1001,18,........../........../........../........../........../........../........../........../........../........../........../........../........../...#####../..######../..#######./##.######./#########./#######.##/.######.##,T,S,"[0, 1, 2, 3, 4, 5, 6, 7, 10, 11, 12, 13, 14, 15, 16, 17, 18, 20, 21, 22, 23, 24, 25, 26, 27, 30, 31, 32, 33, 34, 35, 36, 37, 38]",10,10,,0,4,False,0.1372992843389511,1182,33.170673212998736,True,34,-7.200000000000001,-8.09,0.8899999999999988,6.0,38,-7.3,-7.87,0.5700000000000003,6.0,5,0.0
intelif-qwen3-4b/decision,intelif-qwen3-4b@v0.1,1001,19,........../........../........../........../........../........../........../........../........../........../........../........../........../#..#####../########../#.#######./##.######./#########./#######.##/.######.##,S,J,"[0, 1, 2, 3, 4, 5, 6, 7, 10, 11, 12, 13, 14, 15, 16, 17, 18]",18,18,,1,6,False,0.4288540482521057,654,19.71803453299981,True,17,-6.820000000000001,-6.820000000000001,0.0,1.0,18,-5.540000000000001,-5.540000000000001,0.0,1.0,18,1.0
intelif-qwen3-4b/decision,intelif-qwen3-4b@v0.1,1001,20,........../........../........../........../........../........../........../........../........../........../........../........../........../........../#..######./#.########/##.######./#########./#######.##/.######.##,J,S,"[0, 1, 2, 3, 4, 5, 6, 7, 10, 11, 12, 13, 14, 15, 16, 17, 18, 20, 21, 22, 23, 24, 25, 26, 27, 30, 31, 32, 33, 34, 35, 36, 37, 38]",11,11,,1,8,False,0.4401942193508148,1176,32.85158683199916,True,34,-6.065,-7.455,1.3899999999999997,9.0,34,-7.410000000000001,-7.4399999999999995,0.029999999999998472,2.0,27,0.0
intelif-qwen3-4b/decision,intelif-qwen3-4b@v0.1,1001,21,........../........../........../........../........../........../........../........../........../........../........../........../........../........../.##......./##.######./##.######./#########./#######.##/.######.##,S,I,"[0, 1, 2, 3, 4, 5, 6, 7, 10, 11, 12, 13, 14, 15, 16, 17, 18]",3,3,,0,8,False,0.1365858763456344,659,20.467987568001263,True,17,-7.135,-8.200000000000001,1.0650000000000013,9.0,12,-6.840000000000001,-7.75,0.9099999999999993,4.0,12,0.0
intelif-qwen3-4b/decision,intelif-qwen3-4b@v0.1,1001,22,........../........../........../........../........../........../........../........../........../........../........../........../........../....##..../.####...../##.######./##.######./#########./#######.##/.######.##,I,I,"[0, 1, 2, 3, 4, 5, 6, 10, 11, 12, 13, 14, 15, 16, 17, 18, 19]",19,19,,1,10,False,0.4357683062553406,637,18.688624767000874,True,17,-6.985000000000001,-7.640000000000001,0.6549999999999994,3.0,0,-7.9700000000000015,-7.9700000000000015,0.0,4.0,10,0.0
intelif-qwen3-4b/decision,intelif-qwen3-4b@v0.1,1001,23,........../........../........../........../........../........../........../........../........../........../........../........../........../........../....##..../.####....#/##.#######/##.#######/#######.##/.######.##,I,Z,"[0, 1, 2, 3, 4, 5, 6, 10, 11, 12, 13, 14, 15, 16, 17, 18, 19]",0,0,,0,10,False,0.3171185553073883,637,19.10432778500035,True,17,-7.620000000000001,-7.620000000000001,0.0,1.0,0,-8.170000000000002,-8.41,0.23999999999999844,10.0,16,0.0
intelif-qwen3-4b/decision,intelif-qwen3-4b@v0.1,1001,24,........../........../........../........../........../........../........../........../........../........../........../........../........../........../######..../.####....#/##.#######/##.#######/#######.##/.######.##,Z,Z,"[0, 1, 2, 3, 4, 5, 6, 7, 10, 11, 12, 13, 14, 15, 16, 17, 18]",6,6,,0,10,False,0.4287961721420288,658,20.060477843000623,True,17,-7.510000000000001,-7.510000000000001,0.0,1.0,6,-6.920000000000001,-6.920000000000001,0.0,1.0,6,1.0
intelif-qwen3-4b/decision,intelif-qwen3-4b@v0.1,1001,25,........../........../........../........../........../........../........../........../........../........../........../........../........../........../########../.####..###/##.#######/##.#######/#######.##/.######.##,Z,Z,"[0, 1, 2, 3, 4, 5, 6, 7, 10, 11, 12, 13, 14, 15, 16, 17, 18]",7,7,,1,12,False,0.3369632363319397,660,20.567175445999965,True,17,-7.3100000000000005,-7.33,0.019999999999999574,2.0,13,-5.16,-5.16,0.0,1.0,7,1.0
intelif-qwen3-4b/decision,intelif-qwen3-4b@v0.1,1001,26,........../........../........../........../........../........../........../........../........../........../........../........../........../........../.......##./.####..###/##.#######/##.#######/#######.##/.######.##,Z,O,"[0, 1, 2, 3, 4, 5, 6, 7, 10, 11, 12, 13, 14, 15, 16, 17, 18]",4,4,,0,12,False,0.6823457479476929,656,19.85867547700036,True,17,-5.58,-7.3100000000000005,1.7300000000000004,2.0,10,-5.300000000000001,-6.96,1.6599999999999993,2.0,10,0.0
intelif-qwen3-4b/decision,intelif-qwen3-4b@v0.1,1001,27,........../........../........../........../........../........../........../........../........../........../........../........../........../........../....##.##./.#########/##.#######/##.#######/#######.##/.######.##,O,Z,"[0, 1, 2, 3, 4, 5, 6, 7, 8]",4,4,,0,12,False,0.2032582014799118,400,13.68678519599962,True,9,-5.1450000000000005,-5.1450000000000005,0.0,1.0,4,-5.640000000000001,-5.7,0.05999999999999961,2.0,7,0.0
intelif-qwen3-4b/decision,intelif-qwen3-4b@v0.1,1001,28,........../........../........../........../........../........../........../........../........../........../........../........../....##..../....##..../....##.##./.#########/##.#######/##.#######/#######.##/.######.##,Z,Z,"[0, 1, 2, 3, 4, 5, 6, 7, 10, 11, 12, 13, 14, 15, 16, 17, 18]",10,10,,1,14,False,0.151917278766632,645,19.23892755000088,True,17,-5.6899999999999995,-5.6899999999999995,0.0,1.0,10,-4.68,-4.68,0.0,1.0,10,1.0
intelif-qwen3-4b/decision,intelif-qwen3-4b@v0.1,1001,29,........../........../........../........../........../........../........../........../........../........../........../........../........../....##..../.#..##..../##..##.##./##.#######/##.#######/#######.##/.######.##,Z,Z,"[0, 1, 2, 3, 4, 5, 6, 7, 10, 11, 12, 13, 14, 15, 16, 17, 18]",12,12,,1,16,False,0.3637610673904419,649,19.309288510999977,True,17,-6.710000000000001,-6.720000000000001,0.009999999999999787,3.0,10,-6.200000000000001,-6.21,0.009999999999998899,3.0,10,0.0
intelif-qwen3-4b/decision,intelif-qwen3-4b@v0.1,1001,30,........../........../........../........../........../........../........../........../........../........../........../........../........../........../....##..../.#.###..../######.##./##.#######/#######.##/.######.##,Z,S,"[0, 1, 2, 3, 4, 5, 6, 7, 10, 11, 12, 13, 14, 15, 16, 17, 18]",16,16,,0,16,False,0.1765651851892471,645,19.92507483100053,True,17,-4.530000000000001,-4.720000000000001,0.1899999999999995,2.0,10,-4.52,-4.52,0.0,1.0,16,1.0
intelif-qwen3-4b/decision,intelif-qwen3-4b@v0.1,1001,31,........../........../........../........../........../........../........../........../........../........../........../........../........../........../....##.#../.#.#####../#########./##.#######/#######.##/.######.##,S,Z,"[0, 1, 2, 3, 4, 5, 6, 7, 10, 11, 12, 13, 14, 15, 16, 17, 18]",18,18,,1,18,False,0.4505932033061981,651,19.3445046779998,True,17,-5.23,-5.23,0.0,1.0,18,-4.740000000000001,-4.740000000000001,0.0,1.0,18,1.0
intelif-qwen3-4b/decision,intelif-qwen3-4b@v0.1,1001,32,........../........../........../........../........../........../........../........../........../........../........../........../........../........../........../....##.##./.#.#######/##.#######/#######.##/.######.##,Z,J,"[0, 1, 2, 3, 4, 5, 6, 7, 10, 11, 12, 13, 14, 15, 16, 17, 18]",12,12,,0,18,False,0.1847214698791504,653,19.24501238100129,True,17,-3.7050000000000005,-4.07,0.36499999999999977,2.0,10,-4.280000000000001,-6.11,1.8299999999999992,6.0,10,0.0
intelif-qwen3-4b/decision,intelif-qwen3-4b@v0.1,1001,33,........../........../........../........../........../........../........../........../........../........../........../........../........../........../...#....../..####.##./.#########/##.#######/#######.##/.######.##,J,S,"[0, 1, 2, 3, 4, 5, 6, 7, 10, 11, 12, 13, 14, 15, 16, 17, 18, 20, 21, 22, 23, 24, 25, 26, 27, 30, 31, 32, 33, 34, 35, 36, 37, 38]",10,10,,1,20,False,0.2504824101924896,1189,33.058080846998564,True,34,-2.9350000000000005,-7.185,4.249999999999999,13.0,24,-4.619999999999999,-6.75,2.130000000000001,8.0,24,0.0
intelif-qwen3-4b/decision,intelif-qwen3-4b@v0.1,1001,34,........../........../........../........../........../........../........../........../........../........../........../........../........../........../........../##.#....../#.####.##./##.#######/#######.##/.######.##,S,Z,"[0, 1, 2, 3, 4, 5, 6, 7, 10, 11, 12, 13, 14, 15, 16, 17, 18]",4,4,,0,20,False,0.2517067193984985,654,19.191601893999177,True,17,-6.7,-9.15,2.45,11.0,18,-6.920000000000001,-8.670000000000002,1.7500000000000009,10.0,18,0.0
intelif-qwen3-4b/decision,intelif-qwen3-4b@v0.1,1001,35,........../........../........../........../........../........../........../........../........../........../........../........../........../........../.....##.../##.###..../#.####.##./##.#######/#######.##/.######.##,Z,S,"[0, 1, 2, 3, 4, 5, 6, 7, 10, 11, 12, 13, 14, 15, 16, 17, 18]",7,7,,0,20,False,0.2108597010374069,656,20.059221886998785,True,17,-9.250000000000002,-9.605,0.35499999999999865,3.0,12,-8.920000000000002,-10.51,1.589999999999998,7.0,12,0.0
intelif-qwen3-4b/decision,intelif-qwen3-4b@v0.1,1001,36,........../........../........../........../........../........../........../........../........../........../........../........../........../........../.....####./##.###..##/#.####.##./##.#######/#######.##/.######.##,S,J,"[0, 1, 2, 3, 4, 5, 6, 7, 10, 11, 12, 13, 14, 15, 16, 17, 18]",2,2,,0,20,False,0.2714832425117492,659,20.25750031199823,True,17,-7.660000000000001,-12.39,4.7299999999999995,13.0,18,-7.81,-12.43,4.62,11.0,18,0.0
intelif-qwen3-4b/decision,intelif-qwen3-4b@v0.1,1001,37,........../........../........../........../........../........../........../........../........../........../........../........../........../...##...../..##.####./##.###..##/#.####.##./##.#######/#######.##/.######.##,J,I,"[0, 1, 2, 3, 4, 5, 6, 7, 10, 11, 12, 13, 14, 15, 16, 17, 18, 20, 21, 22, 23, 24, 25, 26, 27, 30, 31, 32, 33, 34, 35, 36, 37, 38]",27,27,,0,20,False,0.2280991524457931,1191,33.2559839630012,True,34,-11.145000000000001,-11.145000000000001,0.0,1.0,27,-12.220000000000002,-12.71,0.48999999999999844,2.0,0,0.0
intelif-qwen3-4b/decision,intelif-qwen3-4b@v0.1,1001,38,........../........../........../........../........../........../........../........../........../........../........../........../........../...##..###/..##.#####/##.###..##/#.####.##./##.#######/#######.##/.######.##,I,S,"[0, 1, 2, 3, 4, 5, 6, 10, 11, 12, 13, 14, 15, 16, 17, 18, 19]",3,3,,0,20,False,0.2131355106830597,647,18.98063043699949,True,17,-11.46,-13.9,2.4399999999999995,13.0,18,-11.7,-14.44,2.74,12.0,19,0.0
intelif-qwen3-4b/decision,intelif-qwen3-4b@v0.1,1001,39,........../........../........../........../........../........../........../........../........../........../........../........../...####.../...##..###/..##.#####/##.###..##/#.####.##./##.#######/#######.##/.######.##,S,I,"[0, 1, 2, 3, 4, 5, 6, 7, 10, 11, 12, 13, 14, 15, 16, 17, 18]",0,0,,0,20,False,0.3147194683551788,662,19.93863843200052,True,17,-13.89,-15.185,1.295,4.0,16,-14.739999999999998,-14.739999999999998,0.0,1.0,0,1.0
intelif-qwen3-4b/decision,intelif-qwen3-4b@v0.1,1001,40,........../........../........../........../........../........../........../........../........../........../........../........../...####.../.####..###/####.#####/##.###..##/#.####.##./##.#######/#######.##/.######.##,I,Z,"[0, 1, 2, 3, 4, 5, 6, 10, 11, 12, 13, 14, 15, 16, 17, 18, 19]",3,3,,0,20,False,0.158342182636261,647,18.461594825999786,True,17,-12.45,-15.585,3.1350000000000016,7.0,12,-15.0,-15.040000000000001,0.040000000000000924,2.0,10,0.0
intelif-qwen3-4b/decision,intelif-qwen3-4b@v0.1,1001,41,........../........../........../........../........../........../........../........../........../........../........../...####.../...####.../.####..###/####.#####/##.###..##/#.####.##./##.#######/#######.##/.######.##,Z,O,"[0, 1, 2, 3, 4, 5, 6, 7, 10, 11, 12, 13, 14, 15, 16, 17, 18]",7,7,,0,20,False,0.173919677734375,662,44.15679348699996,True,17,-15.530000000000001,-15.92,0.3899999999999988,2.0,10,-15.200000000000001,-16.02,0.8199999999999985,2.0,10,0.0
intelif-qwen3-4b/decision,intelif-qwen3-4b@v0.1,1001,42,........../........../........../........../........../........../........../........../........../........../........../...######./...####.##/.####..###/####.#####/##.###..##/#.####.##./##.#######/#######.##/.######.##,O,Z,"[0, 1, 2, 3, 4, 5, 6, 7, 8]",1,1,,0,20,False,0.5649394392967224,401,37.88566219000131,True,9,-15.945,-16.39,0.4450000000000003,3.0,4,-16.3,-17.15,0.8499999999999979,7.0,4,0.0
intelif-qwen3-4b/decision,intelif-qwen3-4b@v0.1,1001,43,........../........../........../........../........../........../........../........../........../........../........../.########./.######.##/.####..###/####.#####/##.###..##/#.####.##./##.#######/#######.##/.######.##,Z,J,"[0, 1, 2, 3, 4, 5, 6, 7, 10, 11, 12, 13, 14, 15, 16, 17, 18]",1,1,,0,20,False,0.1263290345668792,672,47.93212610299997,True,17,-15.98,-17.92,1.9400000000000013,7.0,10,-17.349999999999998,-17.409999999999997,0.05999999999999872,2.0,2,0.0
intelif-qwen3-4b/decision,intelif-qwen3-4b@v0.1,1001,44,........../........../........../........../........../........../........../........../........../.##......./..##....../.########./.######.##/.####..###/####.#####/##.###..##/#.####.##./##.#######/#######.##/.######.##,J,I,"[0, 1, 2, 3, 4, 5, 6, 7, 10, 11, 12, 13, 14, 15, 16, 17, 18, 20, 21, 22, 23, 24, 25, 26, 27, 30, 31, 32, 33, 34, 35, 36, 37, 38]",4,4,,0,20,False,0.1214142963290214,1178,60.12022394499945,True,34,-16.185000000000002,-16.46,0.2749999999999986,3.0,34,-16.3,-16.3,0.0,1.0,4,1.0
intelif-qwen3-4b/decision,intelif-qwen3-4b@v0.1,1001,45,........../........../........../........../........../........../........../........../........../.##.#...../..#####.../.########./.######.##/.####..###/####.#####/##.###..##/#.####.##./##.#######/#######.##/.######.##,I,T,"[0, 1, 2, 3, 4, 5, 6, 10, 11, 12, 13, 14, 15, 16, 17, 18, 19]",10,10,,0,20,False,0.2598121762275696,645,23.15407665699968,True,17,-16.62,-16.62,0.0,1.0,10,-16.549999999999997,-16.549999999999997,0.0,1.0,10,1.0
intelif-qwen3-4b/decision,intelif-qwen3-4b@v0.1,1001,46,........../........../........../........../........../........../........../........../........../.##.#...../#.#####.../#########./#######.##/#####..###/####.#####/##.###..##/#.####.##./##.#######/#######.##/.######.##,T,L,"[0, 1, 2, 3, 4, 5, 6, 7, 10, 11, 12, 13, 14, 15, 16, 17, 18, 20, 21, 22, 23, 24, 25, 26, 27, 30, 31, 32, 33, 34, 35, 36, 37, 38]",7,7,,0,20,False,0.2177032381296157,1196,38.78133016600077,True,34,-16.630000000000003,-19.290000000000003,2.66,20.0,38,-16.080000000000002,-18.810000000000002,2.7300000000000004,23.0,38,0.0
intelif-qwen3-4b/decision,intelif-qwen3-4b@v0.1,1001,47,........../........../........../........../........../........../........../........../........../.##.#...#./#.########/#########./#######.##/#####..###/####.#####/##.###..##/#.####.##./##.#######/#######.##/.######.##,L,O,"[0, 1, 2, 3, 4, 5, 6, 7, 10, 11, 12, 13, 14, 15, 16, 17, 18, 20, 21, 22, 23, 24, 25, 26, 27, 30, 31, 32, 33, 34, 35, 36, 37, 38]",5,5,,0,20,False,0.275662213563919,1206,37.28959217100055,True,34,-19.52,-19.630000000000003,0.11000000000000298,3.0,20,-19.12,-19.12,0.0,1.0,5,1.0
intelif-qwen3-4b/decision,intelif-qwen3-4b@v0.1,1001,48,........../........../........../........../........../........../........../........../.......#../.##.#####./#.########/#########./#######.##/#####..###/####.#####/##.###..##/#.####.##./##.#######/#######.##/.######.##,O,S,"[0, 1, 2, 3, 4, 5, 6, 7, 8]",4,4,,0,20,False,0.2629911303520202,414,16.333921034000014,True,9,-18.18,-19.200000000000003,1.0200000000000031,2.0,5,-19.3,-19.360000000000003,0.060000000000002274,3.0,1,0.0
intelif-qwen3-4b/decision,intelif-qwen3-4b@v0.1,1001,49,........../........../........../........../........../........../........../....##..../....##.#../.##.#####./#.########/#########./#######.##/#####..###/####.#####/##.###..##/#.####.##./##.#######/#######.##/.######.##,S,I,"[0, 1, 2, 3, 4, 5, 6, 7, 10, 11, 12, 13, 14, 15, 16, 17, 18]",12,12,,0,20,False,0.3354466259479522,660,20.391273702000035,True,17,-18.810000000000002,-18.810000000000002,0.0,1.0,12,-19.060000000000002,-19.060000000000002,0.0,1.0,12,1.0
intelif-qwen3-4b/decision,intelif-qwen3-4b@v0.1,1001,50,........../........../........../........../........../........../........../..#.##..../..####.#../.########./#.########/#########./#######.##/#####..###/####.#####/##.###..##/#.####.##./##.#######/#######.##/.######.##,I,S,"[0, 1, 2, 3, 4, 5, 6, 10, 11, 12, 13, 14, 15, 16, 17, 18, 19]",2,2,,0,20,False,0.1509183496236801,650,22.098442000000432,True,17,-18.990000000000002,-20.660000000000004,1.6700000000000017,11.0,10,-18.610000000000003,-20.71,2.099999999999998,11.0,10,0.0
intelif-qwen3-4b/decision,intelif-qwen3-4b@v0.1,1001,51,........../........../........../........../........../........../..####..../..#.##..../..####.#../.########./#.########/#########./#######.##/#####..###/####.#####/##.###..##/#.####.##./##.#######/#######.##/.######.##,S,S,"[0, 1, 2, 3, 4, 5, 6, 7, 10, 11, 12, 13, 14, 15, 16, 17, 18]",6,6,,0,20,False,0.2652740776538849,661,21.844792055000653,True,17,-20.865000000000002,-23.875,3.009999999999998,12.0,18,-21.01,-23.560000000000002,2.5500000000000007,11.0,18,0.0
intelif-qwen3-4b/decision,intelif-qwen3-4b@v0.1,1001,52,........../........../........../........../........../........../..####.##./..#.####../..####.#../.########./#.########/#########./#######.##/#####..###/####.#####/##.###..##/#.####.##./##.#######/#######.##/.######.##,S,T,"[0, 1, 2, 3, 4, 5, 6, 7, 10, 11, 12, 13, 14, 15, 16, 17, 18]",10,10,,0,20,False,0.2122941762208938,673,22.25817522800025,True,17,-24.07,-25.67,1.6000000000000014,8.0,15,-23.65,-25.210000000000004,1.5600000000000058,8.0,15,0.0
intelif-qwen3-4b/decision,intelif-qwen3-4b@v0.1,1001,53,........../........../........../........../........../........../#.####.##./###.####../.#####.#../.########./#.########/#########./#######.##/#####..###/####.#####/##.###..##/#.####.##./##.#######/#######.##/.######.##,T,O,"[0, 1, 2, 3, 4, 5, 6, 7, 10, 11, 12, 13, 14, 15, 16, 17, 18, 20, 21, 22, 23, 24, 25, 26, 27, 30, 31, 32, 33, 34, 35, 36, 37, 38]",3,3,,0,20,False,0.1148116216063499,1203,36.15305516599983,True,34,-25.76,-26.695,0.9349999999999987,10.0,7,-25.430000000000003,-25.94,0.509999999999998,8.0,30,0.0
intelif-qwen3-4b/decision,intelif-qwen3-4b@v0.1,1001,54,........../........../........../........../....#...../...###..../#.####.##./###.####../.#####.#../.########./#.########/#########./#######.##/#####..###/####.#####/##.###..##/#.####.##./##.#######/#######.##/.######.##,O,I,"[0, 1, 2, 3, 4, 5, 6, 7, 8]",0,0,,0,20,False,0.1951510608196258,412,16.55826809700011,True,9,-25.875,-26.605,0.7300000000000004,5.0,7,-25.78,-26.470000000000002,0.6900000000000013,2.0,7,0.0
intelif-qwen3-4b/decision,intelif-qwen3-4b@v0.1,1001,55,........../........../........../........../##..#...../##.###..../#.####.##./###.####../.#####.#../.########./#.########/#########./#######.##/#####..###/####.#####/##.###..##/#.####.##./##.#######/#######.##/.######.##,I,L,"[0, 1, 2, 3, 4, 5, 6, 10, 11, 12, 13, 14, 15, 16, 17, 18, 19]",19,19,,0,20,False,0.1805879771709442,653,21.494104687999425,True,17,-25.92,-25.92,0.0,1.0,19,-26.3,-26.73,0.4299999999999997,2.0,6,0.0
intelif-qwen3-4b/decision,intelif-qwen3-4b@v0.1,1001,56,........../........../........../........../##..#...../##.###..../#.####.###/###.####.#/.#####.#.#/.#########/#.########/#########./#######.##/#####..###/####.#####/##.###..##/#.####.##./##.#######/#######.##/.######.##,L,L,"[0, 1, 2, 3, 4, 5, 6, 7, 10, 11, 12, 13, 14, 15, 16, 17, 18, 20, 21, 22, 23, 24, 25, 26, 27, 30, 31, 32, 33, 34, 35, 36, 37, 38]",6,6,,0,20,False,0.2206801623106002,1196,35.43432383599975,True,34,-24.655,-26.115000000000002,1.4600000000000009,4.0,7,-26.35,-26.44,0.08999999999999986,4.0,7,0.0
intelif-qwen3-4b/decision,intelif-qwen3-4b@v0.1,1001,57,........../........../........../........../##..#...#./##.######./#.####.###/###.####.#/.#####.#.#/.#########/#.########/#########./#######.##/#####..###/####.#####/##.###..##/#.####.##./##.#######/#######.##/.######.##,L,J,"[0, 1, 2, 3, 4, 5, 6, 7, 10, 11, 12, 13, 14, 15, 16, 17, 18, 20, 21, 22, 23, 24, 25, 26, 27, 30, 31, 32, 33, 34, 35, 36, 37, 38]",5,5,,0,20,False,0.2342939227819442,1208,36.94963538000047,True,34,-27.550000000000004,-27.845000000000006,0.2950000000000017,3.0,31,-25.270000000000003,-27.940000000000005,2.6700000000000017,2.0,38,0.0
intelif-qwen3-4b/decision,intelif-qwen3-4b@v0.1,1001,58,........../........../........../.......#../##..#####./##.######./#.####.###/###.####.#/.#####.#.#/.#########/#.########/#########./#######.##/#####..###/####.#####/##.###..##/#.####.##./##.#######/#######.##/.######.##,J,O,"[0, 1, 2, 3, 4, 5, 6, 7, 10, 11, 12, 13, 14, 15, 16, 17, 18, 20, 21, 22, 23, 24, 25, 26, 27, 30, 31, 32, 33, 34, 35, 36, 37, 38]",12,12,,0,20,False,0.1982907950878143,1206,36.24036005900052,True,34,-27.810000000000002,-27.810000000000002,0.0,1.0,12,-28.380000000000003,-28.990000000000002,0.6099999999999994,5.0,4,0.0
intelif-qwen3-4b/decision,intelif-qwen3-4b@v0.1,1001,59,........../........../........../..##...#../###.#####./#########./#.####.###/###.####.#/.#####.#.#/.#########/#.########/#########./#######.##/#####..###/####.#####/##.###..##/#.####.##./##.#######/#######.##/.######.##,O,I,"[0, 1, 2, 3, 4, 5, 6, 7, 8]",0,0,,0,20,False,0.2743440568447113,423,15.944046366001205,True,9,-28.490000000000002,-28.96,0.46999999999999886,3.0,4,-28.729999999999997,-28.729999999999997,0.0,1.0,0,1.0
intelif-qwen3-4b/decision,intelif-qwen3-4b@v0.1,1001,60,........../........../##......../####...#../###.#####./#########./#.####.###/###.####.#/.#####.#.#/.#########/#.########/#########./#######.##/#####..###/####.#####/##.###..##/#.####.##./##.#######/#######.##/.######.##,I,J,"[0, 1, 2, 3, 4, 5, 6, 14, 15, 16, 18, 19]",19,19,,1,22,False,0.3494427502155304,503,18.09536723100064,True,12,-29.479999999999997,-77.77000000000001,48.29000000000001,2.0,3,-27.500000000000004,-27.500000000000004,0.0,1.0,19,1.0
intelif-qwen3-4b/decision,intelif-qwen3-4b@v0.1,1001,61,........../........../........../##.......#/####...#.#/###.######/#.####.###/###.####.#/.#####.#.#/.#########/#.########/#########./#######.##/#####..###/####.#####/##.###..##/#.####.##./##.#######/#######.##/.######.##,J,T,"[0, 1, 2, 3, 4, 5, 6, 7, 10, 11, 12, 13, 14, 15, 16, 17, 18, 20, 21, 22, 23, 24, 25, 26, 27, 30, 31, 32, 33, 34, 35, 36, 37, 38]",4,4,,0,22,False,0.4479159712791443,1200,36.31857300699994,True,34,-26.955000000000005,-27.410000000000004,0.4549999999999983,4.0,34,-27.26,-27.26,0.0,1.0,4,1.0
intelif-qwen3-4b/decision,intelif-qwen3-4b@v0.1,1001,62,........../........../........../##..#....#/########.#/###.######/#.####.###/###.####.#/.#####.#.#/.#########/#.########/#########./#######.##/#####..###/####.#####/##.###..##/#.####.##./##.#######/#######.##/.######.##,T,I,"[0, 1, 2, 3, 4, 5, 6, 7, 10, 11, 12, 13, 14, 15, 16, 17, 18, 20, 21, 22, 23, 24, 25, 26, 27, 30, 31, 32, 33, 34, 35, 36, 37, 38]",37,37,,1,24,False,0.1500030905008316,1217,36.86729338300029,True,34,-26.810000000000002,-26.810000000000002,0.0,1.0,37,-26.660000000000004,-26.660000000000004,0.0,1.0,37,1.0
intelif-qwen3-4b/decision,intelif-qwen3-4b@v0.1,1001,63,........../........../........../........#./##..#..###/###.######/#.####.###/###.####.#/.#####.#.#/.#########/#.########/#########./#######.##/#####..###/####.#####/##.###..##/#.####.##./##.#######/#######.##/.######.##,I,S,"[0, 1, 2, 3, 4, 5, 6, 10, 11, 12, 13, 14, 15, 16, 17, 19]",13,13,,1,26,False,0.2132977992296219,622,20.50313676100086,True,16,-26.105,-26.775000000000002,0.6700000000000017,2.0,15,-26.370000000000005,-26.370000000000005,0.0,1.0,13,1.0
intelif-qwen3-4b/decision,intelif-qwen3-4b@v0.1,1001,64,........../........../........../...#....../...#....#./##.##..###/#.####.###/###.####.#/.#####.#.#/.#########/#.########/#########./#######.##/#####..###/####.#####/##.###..##/#.####.##./##.#######/#######.##/.######.##,S,J,"[0, 1, 2, 3, 4, 5, 6, 7, 10, 11, 12, 13, 14, 15, 16, 17, 18]",11,11,,0,26,False,0.2020403146743774,662,23.018484066000383,True,17,-26.0,-27.07,1.0700000000000003,4.0,18,-26.480000000000004,-26.560000000000002,0.0799999999999983,2.0,15,0.0
intelif-qwen3-4b/decision,intelif-qwen3-4b@v0.1,1001,65,........../........../........../.#.#....../.###....#./#####..###/#.####.###/###.####.#/.#####.#.#/.#########/#.########/#########./#######.##/#####..###/####.#####/##.###..##/#.####.##./##.#######/#######.##/.######.##,J,I,"[0, 1, 2, 3, 4, 5, 6, 7, 10, 11, 12, 13, 14, 15, 16, 17, 18, 20, 21, 22, 23, 24, 25, 26, 27, 30, 31, 32, 33, 34, 35, 36, 37, 38]",35,35,,1,28,False,0.2626485526561737,1203,37.53103428500072,True,34,-27.130000000000003,-27.855000000000004,0.7250000000000014,2.0,16,-26.85,-27.6,0.75,3.0,16,0.0
intelif-qwen3-4b/decision,intelif-qwen3-4b@v0.1,1001,66,........../........../........../........../.#.#..#.../.###..#.#./#.####.###/###.####.#/.#####.#.#/.#########/#.########/#########./#######.##/#####..###/####.#####/##.###..##/#.####.##./##.#######/#######.##/.######.##,I,O,"[0, 1, 2, 3, 4, 5, 6, 10, 11, 12, 13, 14, 15, 16, 17, 18, 19]",10,10,,0,28,False,0.1900002062320709,662,22.265857586000493,True,17,-28.25,-28.33,0.0799999999999983,2.0,17,-27.8,-27.8,0.0,1.0,10,1.0
intelif-qwen3-4b/decision,intelif-qwen3-4b@v0.1,1001,67,........../........../#........./#........./##.#..#.../####..#.#./#.####.###/###.####.#/.#####.#.#/.#########/#.########/#########./#######.##/#####..###/####.#####/##.###..##/#.####.##./##.#######/#######.##/.######.##,O,S,"[0, 1, 2, 3, 4, 5, 6, 7, 8]",4,4,,0,28,False,0.5122542381286621,414,15.694978583998818,True,9,-28.095,-28.410000000000004,0.31500000000000483,2.0,8,-27.48,-27.48,0.0,1.0,4,1.0
intelif-qwen3-4b/decision,intelif-qwen3-4b@v0.1,1001,68,........../........../#........./#........./##.####.../#######.#./#.####.###/###.####.#/.#####.#.#/.#########/#.########/#########./#######.##/#####..###/####.#####/##.###..##/#.####.##./##.#######/#######.##/.######.##,S,T,"[0, 1, 2, 3, 4, 5, 6, 7, 10, 11, 12, 13, 14, 15, 16, 17, 18]",1,1,,0,28,False,0.308406800031662,659,22.32670762599992,True,17,-26.53,-80.04,53.510000000000005,13.0,18,-27.650000000000002,-29.89,2.2399999999999984,9.0,11,0.0
intelif-qwen3-4b/decision,intelif-qwen3-4b@v0.1,1001,69,........../........../#.##....../###......./##.####.../#######.#./#.####.###/###.####.#/.#####.#.#/.#########/#.########/#########./#######.##/#####..###/####.#####/##.###..##/#.####.##./##.#######/#######.##/.######.##,T,T,"[0, 1, 2, 3, 4, 5, 6, 7, 11, 14, 15, 16, 17, 18, 20, 21, 22, 23, 24, 25, 26, 27, 30, 33, 34, 35, 36, 37, 38]",4,4,,0,28,False,0.1658443212509155,1029,33.016783281000244,True,29,-29.979999999999997,-80.28,50.300000000000004,7.0,38,-29.48,-29.49,0.00999999999999801,3.0,17,0.0
intelif-qwen3-4b/decision,intelif-qwen3-4b@v0.1,1001,70,........../........../#.##.#..../###.###.../##.####.../#######.#./#.####.###/###.####.#/.#####.#.#/.#########/#.########/#########./#######.##/#####..###/####.#####/##.###..##/#.####.##./##.#######/#######.##/.######.##,T,L,"[0, 1, 2, 3, 4, 5, 6, 7, 11, 14, 16, 17, 18, 20, 21, 22, 23, 24, 25, 26, 27, 30, 33, 35, 36, 37, 38]",7,7,,0,28,False,0.1538037210702896,969,31.08862817500085,True,27,-80.17,-132.635,52.46499999999999,22.0,17,-29.73,-32.02,2.2900000000000027,6.0,17,0.0
intelif-qwen3-4b/decision,intelif-qwen3-4b@v0.1,1001,71,........../........../#.##.#..../###.###.#./##.#######/#######.#./#.####.###/###.####.#/.#####.#.#/.#########/#.########/#########./#######.##/#####..###/####.#####/##.###..##/#.####.##./##.#######/#######.##/.######.##,L,J,"[0, 1, 2, 3, 4, 5, 6, 7, 16, 17, 18, 20, 21, 22, 23, 24, 25, 26, 27, 30, 33, 35, 36, 37, 38]",21,21,,0,28,False,0.1602575033903122,935,29.25787687400043,True,25,-82.56,-133.12,50.56,15.0,27,-32.95,-32.95,0.0,1.0,21,1.0
intelif-qwen3-4b/decision,intelif-qwen3-4b@v0.1,1001,72,........../.###....../####.#..../###.###.#./##.#######/#######.#./#.####.###/###.####.#/.#####.#.#/.#########/#.########/#########./#######.##/#####..###/####.#####/##.###..##/#.####.##./##.#######/#######.##/.######.##,J,T,"[4, 5, 6, 7, 14, 16, 17, 18, 22, 23, 24, 25, 26, 27, 36, 37, 38]",6,6,,0,28,False,0.2818281948566437,669,22.744209722999585,True,17,-132.89,-133.03,0.14000000000001478,6.0,14,-33.03,-33.03,0.0,1.0,6,1.0
intelif-qwen3-4b/decision,intelif-qwen3-4b@v0.1,1001,73,........../.###..#.../####.####./###.###.#./##.#######/#######.#./#.####.###/###.####.#/.#####.#.#/.#########/#.########/#########./#######.##/#####..###/####.#####/##.###..##/#.####.##./##.#######/#######.##/.######.##,T,T,"[7, 14, 23, 24, 26, 27, 38]",14,14,,0,28,True,0.4536100924015045,366,14.78279279599883,True,7,-133.03,-133.03,0.0,1.0,14,-133.03,-133.03,0.0,1.0,14,1.0
intelif-qwen3-4b/decision,intelif-qwen3-4b@v0.1,1002,0,........../........../........../........../........../........../........../........../........../........../........../........../........../........../........../........../........../........../........../..........,S,S,"[0, 1, 2, 3, 4, 5, 6, 7, 10, 11, 12, 13, 14, 15, 16, 17, 18]",4,4,,0,0,False,0.1238091513514518,651,23.05685327900028,True,17,-2.0949999999999998,-2.185,0.0900000000000003,5.0,7,-1.6000000000000003,-1.6100000000000003,0.010000000000000009,3.0,2,0.0
intelif-qwen3-4b/decision,intelif-qwen3-4b@v0.1,1002,1,........../........../........../........../........../........../........../........../........../........../........../........../........../........../........../........../........../........../.....##.../....##....,S,O,"[0, 1, 2, 3, 4, 5, 6, 7, 10, 11, 12, 13, 14, 15, 16, 17, 18]",2,2,,0,0,False,0.573216438293457,642,22.44354860800013,True,17,-1.57,-1.57,0.0,1.0,2,-1.81,-1.81,0.0,1.0,2,1.0
intelif-qwen3-4b/decision,intelif-qwen3-4b@v0.1,1002,2,........../........../........../........../........../........../........../........../........../........../........../........../........../........../........../........../........../........../...####.../..####....,O,J,"[0, 1, 2, 3, 4, 5, 6, 7, 8]",7,7,,0,0,False,0.4790741205215454,378,15.44962783200026,True,9,-0.8500000000000001,-2.5650000000000004,1.7150000000000003,5.0,0,-0.66,-2.06,1.4,3.0,0,0.0
intelif-qwen3-4b/decision,intelif-qwen3-4b@v0.1,1002,3,........../........../........../........../........../........../........../........../........../........../........../........../........../........../........../........../........../........../...######./..####.##.,J,J,"[0, 1, 2, 3, 4, 5, 6, 7, 10, 11, 12, 13, 14, 15, 16, 17, 18, 20, 21, 22, 23, 24, 25, 26, 27, 30, 31, 32, 33, 34, 35, 36, 37, 38]",0,0,,0,0,False,0.0949269756674766,1176,36.374840582000616,True,34,-1.4600000000000002,-1.9200000000000004,0.4600000000000002,4.0,30,-1.79,-1.9100000000000001,0.1200000000000001,3.0,31,0.0
intelif-qwen3-4b/decision,intelif-qwen3-4b@v0.1,1002,4,........../........../........../........../........../........../........../........../........../........../........../........../........../........../........../........../........../#........./#########./..####.##.,J,J,"[0, 1, 2, 3, 4, 5, 6, 7, 10, 11, 12, 13, 14, 15, 16, 17, 18, 20, 21, 22, 23, 24, 25, 26, 27, 30, 31, 32, 33, 34, 35, 36, 37, 38]",27,27,,1,2,False,0.157632440328598,1171,36.08009040199977,True,34,-1.07,-1.07,0.0,1.0,27,-0.56,-0.56,0.0,1.0,27,1.0
intelif-qwen3-4b/decision,intelif-qwen3-4b@v0.1,1002,5,........../........../........../........../........../........../........../........../........../........../........../........../........../........../........../........../........../........../#......###/..####.##.,J,L,"[0, 1, 2, 3, 4, 5, 6, 7, 10, 11, 12, 13, 14, 15, 16, 17, 18, 20, 21, 22, 23, 24, 25, 26, 27, 30, 31, 32, 33, 34, 35, 36, 37, 38]",24,24,,0,2,False,0.25566166639328,1170,35.86660041100004,True,34,-0.9850000000000001,-0.9850000000000001,0.0,1.0,24,-0.7600000000000001,-0.7600000000000001,0.0,1.0,24,1.0
intelif-qwen3-4b/decision,intelif-qwen3-4b@v0.1,1002,6,........../........../........../........../........../........../........../........../........../........../........../........../........../........../........../........../........../........../#...######/..#######.,L,O,"[0, 1, 2, 3, 4, 5, 6, 7, 10, 11, 12, 13, 14, 15, 16, 17, 18, 20, 21, 22, 23, 24, 25, 26, 27, 30, 31, 32, 33, 34, 35, 36, 37, 38]",1,1,,1,4,False,0.3551552295684814,1164,35.650424196999666,True,34,-1.2550000000000001,-1.2550000000000001,0.0,1.0,1,-0.98,-1.04,0.06000000000000005,2.0,21,0.0
intelif-qwen3-4b/decision,intelif-qwen3-4b@v0.1,1002,7,........../........../........../........../........../........../........../........../........../........../........../........../........../........../........../........../........../........../...#....../..#######.,O,J,"[0, 1, 2, 3, 4, 5, 6, 7, 8]",0,0,,0,4,False,0.4129301905632019,385,15.270586390000972,True,9,-0.63,-0.63,0.0,1.0,0,-0.66,-0.66,0.0,1.0,0,1.0
intelif-qwen3-4b/decision,intelif-qwen3-4b@v0.1,1002,8,........../........../........../........../........../........../........../........../........../........../........../........../........../........../........../........../........../........../##.#....../#########.,J,Z,"[0, 1, 2, 3, 4, 5, 6, 7, 10, 11, 12, 13, 14, 15, 16, 17, 18, 20, 21, 22, 23, 24, 25, 26, 27, 30, 31, 32, 33, 34, 35, 36, 37, 38]",27,27,,1,6,False,0.4127639830112457,1173,34.21077979099937,True,34,-0.925,-1.0950000000000002,0.17000000000000015,3.0,30,-0.42,-0.42,0.0,1.0,27,1.0
intelif-qwen3-4b/decision,intelif-qwen3-4b@v0.1,1002,9,........../........../........../........../........../........../........../........../........../........../........../........../........../........../........../........../........../........../........../##.#...###,Z,S,"[0, 1, 2, 3, 4, 5, 6, 7, 10, 11, 12, 13, 14, 15, 16, 17, 18]",4,4,,0,6,False,0.2986568510532379,646,21.719733248999542,True,17,-1.1400000000000001,-2.45,1.31,8.0,3,-0.56,-1.9300000000000002,1.37,7.0,3,0.0
intelif-qwen3-4b/decision,intelif-qwen3-4b@v0.1,1002,10,........../........../........../........../........../........../........../........../........../........../........../........../........../........../........../........../........../........../....##..../##.#.#####,S,S,"[0, 1, 2, 3, 4, 5, 6, 7, 10, 11, 12, 13, 14, 15, 16, 17, 18]",2,2,,0,6,False,0.2687892019748688,650,20.833850582001105,True,17,-2.6950000000000003,-2.9800000000000004,0.28500000000000014,3.0,15,-2.2700000000000005,-3.0100000000000002,0.7399999999999998,3.0,11,0.0
intelif-qwen3-4b/decision,intelif-qwen3-4b@v0.1,1002,11,........../........../........../........../........../........../........../........../........../........../........../........../........../........../........../........../........../...##...../..####..../##.#.#####,S,I,"[0, 1, 2, 3, 4, 5, 6, 7, 10, 11, 12, 13, 14, 15, 16, 17, 18]",0,0,,0,6,False,0.3214479684829712,645,21.073504338999555,True,17,-2.1500000000000004,-2.1500000000000004,0.0,1.0,0,-2.0,-2.68,0.6800000000000002,2.0,14,0.0
intelif-qwen3-4b/decision,intelif-qwen3-4b@v0.1,1002,12,........../........../........../........../........../........../........../........../........../........../........../........../........../........../........../........../........../.####...../######..../##.#.#####,I,Z,"[0, 1, 2, 3, 4, 5, 6, 10, 11, 12, 13, 14, 15, 16, 17, 18, 19]",6,6,,1,8,False,0.5395827293395996,627,20.40218470400032,True,17,-2.4000000000000004,-2.4000000000000004,0.0,1.0,6,-2.9000000000000004,-2.9000000000000004,0.0,1.0,6,1.0
intelif-qwen3-4b/decision,intelif-qwen3-4b@v0.1,1002,13,........../........../........../........../........../........../........../........../........../........../........../........../........../........../........../........../........../........../.####...../##.#.#####,Z,O,"[0, 1, 2, 3, 4, 5, 6, 7, 10, 11, 12, 13, 14, 15, 16, 17, 18]",4,4,,0,8,False,0.1730152070522308,652,21.97638509600074,True,17,-2.7200000000000006,-3.585,0.8649999999999993,2.0,10,-1.03,-3.1600000000000006,2.130000000000001,2.0,10,0.0
intelif-qwen3-4b/decision,intelif-qwen3-4b@v0.1,1002,14,........../........../........../........../........../........../........../........../........../........../........../........../........../........../........../........../........../....##..../.######.../##.#.#####,O,S,"[0, 1, 2, 3, 4, 5, 6, 7, 8]",7,7,,0,8,False,0.1959118098020553,387,16.578143443000954,True,9,-2.575,-4.01,1.4349999999999996,5.0,8,-2.02,-3.3600000000000003,1.3400000000000003,2.0,8,0.0
intelif-qwen3-4b/decision,intelif-qwen3-4b@v0.1,1002,15,........../........../........../........../........../........../........../........../........../........../........../........../........../........../........../........../........../....##.##./.########./##.#.#####,S,I,"[0, 1, 2, 3, 4, 5, 6, 7, 10, 11, 12, 13, 14, 15, 16, 17, 18]",2,2,,0,8,False,0.1789798736572265,653,21.86151577000055,True,17,-3.1750000000000003,-3.9400000000000004,0.7650000000000001,2.0,15,-2.39,-3.18,0.79,2.0,15,0.0
intelif-qwen3-4b/decision,intelif-qwen3-4b@v0.1,1002,16,........../........../........../........../........../........../........../........../........../........../........../........../........../........../........../........../...##...../..####.##./.########./##.#.#####,I,J,"[0, 1, 2, 3, 4, 5, 6, 10, 11, 12, 13, 14, 15, 16, 17, 18, 19]",5,5,,0,8,False,0.2913870513439178,630,21.56232736499988,True,17,-3.43,-5.27,1.8399999999999994,10.0,16,-3.3200000000000003,-4.7700000000000005,1.4500000000000002,12.0,6,0.0
intelif-qwen3-4b/decision,intelif-qwen3-4b@v0.1,1002,17,........../........../........../........../........../........../........../........../........../........../........../........../........../........../........../........../...######./..####.##./.########./##.#.#####,J,J,"[0, 1, 2, 3, 4, 5, 6, 7, 10, 11, 12, 13, 14, 15, 16, 17, 18, 20, 21, 22, 23, 24, 25, 26, 27, 30, 31, 32, 33, 34, 35, 36, 37, 38]",10,10,,0,8,False,0.1846697628498077,1176,35.44932713399976,True,34,-4.19,-4.880000000000001,0.6900000000000004,2.0,0,-5.050000000000001,-5.7,0.6499999999999995,10.0,4,0.0
intelif-qwen3-4b/decision,intelif-qwen3-4b@v0.1,1002,18,........../........../........../........../........../........../........../........../........../........../........../........../........../........../........../........../##.######./#.####.##./#########./##.#.#####,J,T,"[0, 1, 2, 3, 4, 5, 6, 7, 10, 11, 12, 13, 14, 15, 16, 17, 18, 20, 21, 22, 23, 24, 25, 26, 27, 30, 31, 32, 33, 34, 35, 36, 37, 38]",20,20,,0,8,False,0.1236699223518371,1176,38.02421438099918,True,34,-5.959999999999999,-6.48,0.5200000000000014,7.0,33,-5.470000000000001,-5.9,0.4299999999999997,2.0,27,0.0
intelif-qwen3-4b/decision,intelif-qwen3-4b@v0.1,1002,19,........../........../........../........../........../........../........../........../........../........../........../........../........../........../........../###......./#########./#.####.##./#########./##.#.#####,T,I,"[0, 1, 2, 3, 4, 5, 6, 7, 10, 11, 12, 13, 14, 15, 16, 17, 18, 20, 21, 22, 23, 24, 25, 26, 27, 30, 31, 32, 33, 34, 35, 36, 37, 38]",4,4,,0,8,False,0.1412104815244674,1189,37.04917950500021,True,34,-2.84,-4.24,1.4000000000000004,4.0,3,-2.9,-5.000000000000001,2.100000000000001,6.0,3,0.0
intelif-qwen3-4b/decision,intelif-qwen3-4b@v0.1,1002,20,........../........../........../........../........../........../........../........../........../........../........../........../........../........../.....#..../###.###.../#########./#.####.##./#########./##.#.#####,I,O,"[0, 1, 2, 3, 4, 5, 6, 10, 11, 12, 13, 14, 15, 16, 17, 18, 19]",19,19,,2,13,False,0.3935969173908233,630,21.95658736299993,True,17,-4.065,-4.065,0.0,1.0,19,-4.090000000000001,-4.090000000000001,0.0,1.0,19,1.0
intelif-qwen3-4b/decision,intelif-qwen3-4b@v0.1,1002,21,........../........../........../........../........../........../........../........../........../........../........../........../........../........../........../........../.....#..../###.###..#/#.####.###/##.#.#####,O,I,"[0, 1, 2, 3, 4, 5, 6, 7, 8]",7,7,,0,13,False,0.5985900163650513,396,14.710502228001133,True,9,-3.375,-3.375,0.0,1.0,7,-3.64,-3.64,0.0,1.0,7,1.0
intelif-qwen3-4b/decision,intelif-qwen3-4b@v0.1,1002,22,........../........../........../........../........../........../........../........../........../........../........../........../........../........../........../........../.....#.##./###.######/#.####.###/##.#.#####,I,S,"[0, 1, 2, 3, 4, 5, 6, 10, 11, 12, 13, 14, 15, 16, 17, 18, 19]",0,0,,0,13,False,0.2036099880933761,631,21.52928340299877,True,17,-3.43,-6.7,3.27,15.0,19,-3.74,-6.58,2.84,15.0,19,0.0
intelif-qwen3-4b/decision,intelif-qwen3-4b@v0.1,1002,23,........../........../........../........../........../........../........../........../........../........../........../........../........../........../........../........../####.#.##./###.######/#.####.###/##.#.#####,S,S,"[0, 1, 2, 3, 4, 5, 6, 7, 10, 11, 12, 13, 14, 15, 16, 17, 18]",4,4,,0,13,False,0.1564432233572006,655,23.191496359000663,True,17,-6.444999999999999,-9.77,3.325,17.0,18,-6.2,-9.299999999999999,3.0999999999999988,17.0,13,0.0
intelif-qwen3-4b/decision,intelif-qwen3-4b@v0.1,1002,24,........../........../........../........../........../........../........../........../........../........../........../........../........../........../.....##.../....##..../####.#.##./###.######/#.####.###/##.#.#####,S,Z,"[0, 1, 2, 3, 4, 5, 6, 7, 10, 11, 12, 13, 14, 15, 16, 17, 18]",2,2,,0,13,False,0.5282778739929199,649,22.643623001999003,True,17,-8.620000000000001,-8.620000000000001,0.0,1.0,2,-9.580000000000002,-9.580000000000002,0.0,1.0,2,1.0
intelif-qwen3-4b/decision,intelif-qwen3-4b@v0.1,1002,25,........../........../........../........../........../........../........../........../........../........../........../........../........../........../...####.../..####..../####.#.##./###.######/#.####.###/##.#.#####,Z,J,"[0, 1, 2, 3, 4, 5, 6, 7, 10, 11, 12, 13, 14, 15, 16, 17, 18]",7,7,,0,13,False,0.2535838186740875,657,23.046363239998755,True,17,-8.32,-10.100000000000001,1.7800000000000011,4.0,11,-9.600000000000001,-10.11,0.509999999999998,3.0,11,0.0
intelif-qwen3-4b/decision,intelif-qwen3-4b@v0.1,1002,26,........../........../........../........../........../........../........../........../........../........../........../........../........../........../...######./..####..##/####.#.##./###.######/#.####.###/##.#.#####,J,T,"[0, 1, 2, 3, 4, 5, 6, 7, 10, 11, 12, 13, 14, 15, 16, 17, 18, 20, 21, 22, 23, 24, 25, 26, 27, 30, 31, 32, 33, 34, 35, 36, 37, 38]",27,27,,0,13,False,0.0973556116223335,1185,37.609555214001375,True,34,-8.895000000000001,-9.09,0.1949999999999985,3.0,34,-9.390000000000002,-9.480000000000002,0.08999999999999986,2.0,0,0.0
intelif-qwen3-4b/decision,intelif-qwen3-4b@v0.1,1002,27,........../........../........../........../........../........../........../........../........../........../........../........../........../.......###/...#######/..####..##/####.#.##./###.######/#.####.###/##.#.#####,T,S,"[0, 1, 2, 3, 4, 5, 6, 7, 10, 11, 12, 13, 14, 15, 16, 17, 18, 20, 21, 22, 23, 24, 25, 26, 27, 30, 31, 32, 33, 34, 35, 36, 37, 38]",20,20,,1,15,False,0.1546907722949981,1185,36.966083580000486,True,34,-9.415,-10.670000000000002,1.2550000000000026,4.0,4,-10.55,-10.57,0.019999999999999574,2.0,12,0.0
intelif-qwen3-4b/decision,intelif-qwen3-4b@v0.1,1002,28,........../........../........../........../........../........../........../........../........../........../........../........../........../........../.......###/.#####..##/####.#.##./###.######/#.####.###/##.#.#####,S,J,"[0, 1, 2, 3, 4, 5, 6, 7, 10, 11, 12, 13, 14, 15, 16, 17, 18]",4,4,,0,15,False,0.1471414119005203,662,22.72419465299936,True,17,-10.870000000000001,-12.870000000000001,2.0,15.0,15,-10.690000000000001,-12.360000000000001,1.67,15.0,15,0.0
intelif-qwen3-4b/decision,intelif-qwen3-4b@v0.1,1002,29,........../........../........../........../........../........../........../........../........../........../........../........../........../.....##.../....##.###/.#####..##/####.#.##./###.######/#.####.###/##.#.#####,J,L,"[0, 1, 2, 3, 4, 5, 6, 7, 10, 11, 12, 13, 14, 15, 16, 17, 18, 20, 21, 22, 23, 24, 25, 26, 27, 30, 31, 32, 33, 34, 35, 36, 37, 38]",0,0,,0,15,False,0.0988557487726211,1186,35.520816516000195,True,34,-10.060000000000002,-11.004999999999999,0.9449999999999967,3.0,10,-10.520000000000001,-13.470000000000002,2.950000000000001,16.0,20,0.0
intelif-qwen3-4b/decision,intelif-qwen3-4b@v0.1,1002,30,........../........../........../........../........../........../........../........../........../........../........../........../........../#....##.../###.##.###/.#####..##/####.#.##./###.######/#.####.###/##.#.#####,L,O,"[0, 1, 2, 3, 4, 5, 6, 7, 10, 11, 12, 13, 14, 15, 16, 17, 18, 20, 21, 22, 23, 24, 25, 26, 27, 30, 31, 32, 33, 34, 35, 36, 37, 38]",7,7,,0,15,False,0.2302821576595306,1196,35.10497644700081,True,34,-11.125,-11.125,0.0,1.0,7,-11.51,-11.51,0.0,1.0,7,1.0
intelif-qwen3-4b/decision,intelif-qwen3-4b@v0.1,1002,31,........../........../........../........../........../........../........../........../........../........../........../........../.........#/#....#####/###.##.###/.#####..##/####.#.##./###.######/#.####.###/##.#.#####,O,T,"[0, 1, 2, 3, 4, 5, 6, 7, 8]",3,3,,0,15,False,0.3410013914108276,400,15.256699384999592,True,9,-9.275,-14.739999999999998,5.464999999999998,8.0,1,-9.46,-11.96,2.5,5.0,1,0.0
intelif-qwen3-4b/decision,intelif-qwen3-4b@v0.1,1002,32,........../........../........../........../........../........../........../........../........../........../........../........../...##....#/#..#######/###.##.###/.#####..##/####.#.##./###.######/#.####.###/##.#.#####,T,Z,"[0, 1, 2, 3, 4, 5, 6, 7, 10, 11, 12, 13, 14, 15, 16, 17, 18, 20, 21, 22, 23, 24, 25, 26, 27, 30, 31, 32, 33, 34, 35, 36, 37, 38]",20,20,,0,15,False,0.1500254720449447,1200,35.01584930399986,True,34,-11.165000000000001,-12.035,0.8699999999999992,3.0,18,-12.04,-14.41,2.370000000000001,15.0,18,0.0
intelif-qwen3-4b/decision,intelif-qwen3-4b@v0.1,1002,33,........../........../........../........../........../........../........../........../........../........../........../........../#####....#/##.#######/###.##.###/.#####..##/####.#.##./###.######/#.####.###/##.#.#####,Z,T,"[0, 1, 2, 3, 4, 5, 6, 7, 10, 11, 12, 13, 14, 15, 16, 17, 18]",4,4,,0,15,False,0.1733285337686538,668,21.81589211100072,True,17,-13.825,-15.705,1.8800000000000008,3.0,18,-13.270000000000003,-15.4,2.1299999999999972,2.0,18,0.0
intelif-qwen3-4b/decision,intelif-qwen3-4b@v0.1,1002,34,........../........../........../........../........../........../........../........../........../........../........../....##..../#######..#/##.#######/###.##.###/.#####..##/####.#.##./###.######/#.####.###/##.#.#####,T,Z,"[0, 1, 2, 3, 4, 5, 6, 7, 10, 11, 12, 13, 14, 15, 16, 17, 18, 20, 21, 22, 23, 24, 25, 26, 27, 30, 31, 32, 33, 34, 35, 36, 37, 38]",26,26,,0,15,False,0.2110800892114639,1199,34.91969994200008,True,34,-13.345,-17.380000000000003,4.035000000000002,26.0,13,-13.560000000000002,-17.109999999999996,3.5499999999999936,24.0,36,0.0
intelif-qwen3-4b/decision,intelif-qwen3-4b@v0.1,1002,35,........../........../........../........../........../........../........../........../........../........../........../....#####./########.#/##.#######/###.##.###/.#####..##/####.#.##./###.######/#.####.###/##.#.#####,Z,L,"[0, 1, 2, 3, 4, 5, 6, 7, 10, 11, 12, 13, 14, 15, 16, 17, 18]",13,13,,0,15,False,0.1281805485486984,671,21.3474832539996,True,17,-16.48,-16.48,0.0,1.0,13,-16.73,-16.73,0.0,1.0,13,1.0
intelif-qwen3-4b/decision,intelif-qwen3-4b@v0.1,1002,36,........../........../........../........../........../........../........../........../........../....#...../...##...../...######./########.#/##.#######/###.##.###/.#####..##/####.#.##./###.######/#.####.###/##.#.#####,L,I,"[0, 1, 2, 3, 4, 5, 6, 7, 10, 11, 12, 13, 14, 15, 16, 17, 18, 20, 21, 22, 23, 24, 25, 26, 27, 30, 31, 32, 33, 34, 35, 36, 37, 38]",0,0,,0,15,False,0.1924870312213897,1171,34.4328510790001,True,34,-16.080000000000002,-16.080000000000002,0.0,1.0,0,-16.31,-16.31,0.0,1.0,0,1.0
intelif-qwen3-4b/decision,intelif-qwen3-4b@v0.1,1002,37,........../........../........../........../........../........../........../........../........../....#...../..###...../#########./########.#/##.#######/###.##.###/.#####..##/####.#.##./###.######/#.####.###/##.#.#####,I,T,"[0, 1, 2, 3, 4, 5, 6, 10, 11, 12, 13, 14, 15, 16, 17, 18, 19]",5,5,,0,15,False,0.3268972337245941,645,20.454112916999293,True,17,-15.649999999999999,-17.33,1.6799999999999997,5.0,19,-15.750000000000002,-17.729999999999997,1.979999999999995,11.0,19,0.0
intelif-qwen3-4b/decision,intelif-qwen3-4b@v0.1,1002,38,........../........../........../........../........../........../........../........../........../....#...../..#######./#########./########.#/##.#######/###.##.###/.#####..##/####.#.##./###.######/#.####.###/##.#.#####,T,T,"[0, 1, 2, 3, 4, 5, 6, 7, 10, 11, 12, 13, 14, 15, 16, 17, 18, 20, 21, 22, 23, 24, 25, 26, 27, 30, 31, 32, 33, 34, 35, 36, 37, 38]",20,20,,0,15,False,0.1704291999340057,1205,32.89115760200002,True,34,-17.155,-17.205,0.04999999999999716,3.0,11,-17.9,-18.689999999999998,0.7899999999999991,7.0,6,0.0
intelif-qwen3-4b/decision,intelif-qwen3-4b@v0.1,1002,39,........../........../........../........../........../........../........../........../........../###.#...../.########./#########./########.#/##.#######/###.##.###/.#####..##/####.#.##./###.######/#.####.###/##.#.#####,T,T,"[0, 1, 2, 3, 4, 5, 6, 7, 10, 11, 12, 13, 14, 15, 16, 17, 18, 20, 21, 22, 23, 24, 25, 26, 27, 30, 31, 32, 33, 34, 35, 36, 37, 38]",22,22,,0,15,False,0.214415356516838,1203,33.18957003499963,True,34,-18.215,-18.215,0.0,2.0,5,-18.4,-18.4,0.0,2.0,5,0.0
intelif-qwen3-4b/decision,intelif-qwen3-4b@v0.1,1002,40,........../........../........../........../........../........../........../........../..###...../#####...../.########./#########./########.#/##.#######/###.##.###/.#####..##/####.#.##./###.######/#.####.###/##.#.#####,T,S,"[0, 1, 2, 3, 4, 5, 6, 7, 10, 11, 12, 13, 14, 15, 16, 17, 18, 20, 21, 22, 23, 24, 25, 26, 27, 30, 31, 32, 33, 34, 35, 36, 37, 38]",5,5,,0,15,False,0.1245213076472282,1195,32.21169630499935,True,34,-17.759999999999998,-17.759999999999998,0.0,1.0,5,-17.31,-17.31,0.0,1.0,5,1.0
intelif-qwen3-4b/decision,intelif-qwen3-4b@v0.1,1002,41,........../........../........../........../........../........../........../........../..###.#.../########../.########./#########./########.#/##.#######/###.##.###/.#####..##/####.#.##./###.######/#.####.###/##.#.#####,S,S,"[0, 1, 2, 3, 4, 5, 6, 7, 10, 11, 12, 13, 14, 15, 16, 17, 18]",18,18,,1,17,False,0.5203123688697815,663,19.96257553800024,True,17,-16.060000000000002,-17.5,1.4399999999999977,5.0,0,-17.529999999999998,-17.65,0.120000000000001,4.0,14,0.0
intelif-qwen3-4b/decision,intelif-qwen3-4b@v0.1,1002,42,........../........../........../........../........../........../........../........../........../..###.#.#./.#########/#########./########.#/##.#######/###.##.###/.#####..##/####.#.##./###.######/#.####.###/##.#.#####,S,Z,"[0, 1, 2, 3, 4, 5, 6, 7, 10, 11, 12, 13, 14, 15, 16, 17, 18]",0,0,,0,17,False,0.1384622603654861,667,18.70910832700065,True,17,-17.599999999999998,-20.51,2.9100000000000037,15.0,16,-17.18,-19.920000000000005,2.7400000000000055,13.0,16,0.0
intelif-qwen3-4b/decision,intelif-qwen3-4b@v0.1,1002,43,........../........../........../........../........../........../........../........../.##......./#####.#.#./.#########/#########./########.#/##.#######/###.##.###/.#####..##/####.#.##./###.######/#.####.###/##.#.#####,Z,Z,"[0, 1, 2, 3, 4, 5, 6, 7, 10, 11, 12, 13, 14, 15, 16, 17, 18]",3,3,,0,17,False,0.1952138990163803,667,18.582329165001283,True,17,-18.590000000000003,-22.080000000000002,3.4899999999999984,9.0,2,-20.120000000000005,-21.76,1.639999999999997,7.0,2,0.0
intelif-qwen3-4b/decision,intelif-qwen3-4b@v0.1,1002,44,........../........../........../........../........../........../........../...##...../.##.##..../#####.#.#./.#########/#########./########.#/##.#######/###.##.###/.#####..##/####.#.##./###.######/#.####.###/##.#.#####,Z,O,"[0, 1, 2, 3, 4, 5, 6, 7, 10, 11, 12, 13, 14, 15, 16, 17, 18]",5,5,,0,17,False,0.2924067974090576,664,18.63974785299979,True,17,-22.030000000000005,-23.035000000000004,1.004999999999999,5.0,6,-22.1,-22.849999999999998,0.7499999999999964,3.0,17,0.0
intelif-qwen3-4b/decision,intelif-qwen3-4b@v0.1,1002,45,........../........../........../........../........../........../........../...####.../.##.####../#####.#.#./.#########/#########./########.#/##.#######/###.##.###/.#####..##/####.#.##./###.######/#.####.###/##.#.#####,O,S,"[0, 1, 2, 3, 4, 5, 6, 7, 8]",8,8,,0,17,False,0.2399370670318603,413,13.73246267000104,True,9,-23.085,-24.035000000000004,0.9500000000000028,6.0,7,-23.080000000000002,-23.440000000000005,0.360000000000003,5.0,4,0.0
intelif-qwen3-4b/decision,intelif-qwen3-4b@v0.1,1002,46,........../........../........../........../........../........../........../...####.##/.##.######/#####.#.#./.#########/#########./########.#/##.#######/###.##.###/.#####..##/####.#.##./###.######/#.####.###/##.#.#####,S,L,"[0, 1, 2, 3, 4, 5, 6, 7, 10, 11, 12, 13, 14, 15, 16, 17, 18]",1,1,,0,17,False,0.1480744034051895,676,19.784282378999706,True,17,-21.080000000000002,-23.085,2.004999999999999,2.0,16,-20.770000000000003,-23.580000000000002,2.8099999999999987,2.0,16,0.0
intelif-qwen3-4b/decision,intelif-qwen3-4b@v0.1,1002,47,........../........../........../........../........../........../..##....../.######.##/.##.######/#####.#.#./.#########/#########./########.#/##.#######/###.##.###/.#####..##/####.#.##./###.######/#.####.###/##.#.#####,L,Z,"[0, 1, 2, 3, 4, 5, 6, 7, 10, 11, 12, 13, 14, 15, 16, 17, 18, 20, 21, 22, 23, 24, 25, 26, 27, 30, 31, 32, 33, 34, 35, 36, 37, 38]",27,27,,0,17,False,0.2286987453699112,1206,33.590547152,True,34,-22.605000000000004,-24.36,1.7549999999999955,3.0,4,-24.44,-24.44,0.0,1.0,27,1.0
intelif-qwen3-4b/decision,intelif-qwen3-4b@v0.1,1002,48,........../........../........../........../........../........../..##...###/.#########/.##.######/#####.#.#./.#########/#########./########.#/##.#######/###.##.###/.#####..##/####.#.##./###.######/#.####.###/##.#.#####,Z,T,"[0, 1, 2, 3, 4, 5, 6, 7, 10, 11, 12, 13, 14, 15, 16, 17, 18]",10,10,,1,19,False,0.3873903155326843,673,19.63495455800148,True,17,-23.130000000000003,-23.130000000000003,0.0,1.0,10,-22.75,-22.75,0.0,1.0,10,1.0
intelif-qwen3-4b/decision,intelif-qwen3-4b@v0.1,1002,49,........../........../........../........../........../........../.#......../####...###/.##.######/#####.#.#./.#########/#########./########.#/##.#######/###.##.###/.#####..##/####.#.##./###.######/#.####.###/##.#.#####,T,I,"[0, 1, 2, 3, 4, 5, 6, 7, 10, 11, 12, 13, 14, 15, 16, 17, 18, 20, 21, 22, 23, 24, 25, 26, 27, 30, 31, 32, 33, 34, 35, 36, 37, 38]",4,4,,1,21,False,0.2682681381702423,1206,32.39617600800011,True,34,-23.325000000000003,-23.325000000000003,0.0,1.0,4,-20.780000000000005,-20.780000000000005,0.0,1.0,4,1.0
intelif-qwen3-4b/decision,intelif-qwen3-4b@v0.1,1002,50,........../........../........../........../........../........../........../.#...#..../.##.######/#####.#.#./.#########/#########./########.#/##.#######/###.##.###/.#####..##/####.#.##./###.######/#.####.###/##.#.#####,I,I,"[0, 1, 2, 3, 4, 5, 6, 10, 11, 12, 13, 14, 15, 16, 17, 18, 19]",6,6,,0,21,False,0.5061337947845459,652,18.75992168800076,True,17,-20.445000000000004,-20.445000000000004,0.0,1.0,6,-20.98,-22.560000000000002,1.5800000000000018,10.0,10,0.0
intelif-qwen3-4b/decision,intelif-qwen3-4b@v0.1,1002,51,........../........../........../........../........../........../........../.#...#####/.##.######/#####.#.#./.#########/#########./########.#/##.#######/###.##.###/.#####..##/####.#.##./###.######/#.####.###/##.#.#####,I,O,"[0, 1, 2, 3, 4, 5, 6, 10, 11, 12, 13, 14, 15, 16, 17, 18, 19]",10,10,,0,21,False,0.1611485481262207,652,19.010810228999617,True,17,-21.11,-21.11,0.0,1.0,10,-22.82,-22.82,0.0,1.0,10,1.0
intelif-qwen3-4b/decision,intelif-qwen3-4b@v0.1,1002,52,........../........../........../........../........../#........./#........./##...#####/###.######/#####.#.#./.#########/#########./########.#/##.#######/###.##.###/.#####..##/####.#.##./###.######/#.####.###/##.#.#####,O,Z,"[0, 1, 2, 3, 4, 5, 6, 7, 8]",1,1,,0,21,False,0.4141089022159576,399,25.927885465000145,True,9,-20.945000000000004,-23.994999999999997,3.0499999999999936,7.0,5,-21.680000000000003,-23.770000000000003,2.09,6.0,5,0.0
intelif-qwen3-4b/decision,intelif-qwen3-4b@v0.1,1002,53,........../........../........../........../........../###......./###......./##...#####/###.######/#####.#.#./.#########/#########./########.#/##.#######/###.##.###/.#####..##/####.#.##./###.######/#.####.###/##.#.#####,Z,I,"[0, 1, 2, 3, 4, 5, 6, 7, 10, 11, 12, 13, 14, 15, 16, 17, 18]",13,13,,1,23,False,0.5061547756195068,662,43.44830498300144,True,17,-23.730000000000004,-24.505000000000003,0.7749999999999986,3.0,4,-23.89,-23.89,0.0,1.0,13,1.0
intelif-qwen3-4b/decision,intelif-qwen3-4b@v0.1,1002,54,........../........../........../........../........../........../###......./###.#...../##.#######/#####.#.#./.#########/#########./########.#/##.#######/###.##.###/.#####..##/####.#.##./###.######/#.####.###/##.#.#####,I,Z,"[0, 1, 2, 3, 4, 5, 6, 10, 11, 12, 13, 14, 15, 16, 17, 18, 19]",5,5,,0,23,False,0.3423772752285003,644,42.83607173100063,True,17,-22.445,-22.865000000000002,0.4200000000000017,2.0,13,-23.7,-23.73,0.030000000000001137,4.0,6,0.0
intelif-qwen3-4b/decision,intelif-qwen3-4b@v0.1,1002,55,........../........../........../........../........../........../###......./###.#####./##.#######/#####.#.#./.#########/#########./########.#/##.#######/###.##.###/.#####..##/####.#.##./###.######/#.####.###/##.#.#####,Z,I,"[0, 1, 2, 3, 4, 5, 6, 7, 10, 11, 12, 13, 14, 15, 16, 17, 18]",13,13,,0,23,False,0.3070618510246277,676,45.57619497800079,True,17,-24.275000000000002,-24.275000000000002,0.0,1.0,13,-23.850000000000005,-23.850000000000005,0.0,1.0,13,1.0
intelif-qwen3-4b/decision,intelif-qwen3-4b@v0.1,1002,56,........../........../........../........../........../....#...../#####...../#########./##.#######/#####.#.#./.#########/#########./########.#/##.#######/###.##.###/.#####..##/####.#.##./###.######/#.####.###/##.#.#####,I,O,"[0, 1, 2, 3, 4, 5, 6, 10, 11, 12, 13, 14, 15, 16, 17, 18, 19]",5,5,,0,23,False,0.2664907872676849,648,41.65218240499962,True,17,-22.72,-23.9,1.1799999999999997,2.0,19,-22.700000000000003,-24.590000000000003,1.8900000000000006,3.0,19,0.0
intelif-qwen3-4b/decision,intelif-qwen3-4b@v0.1,1002,57,........../........../........../........../........../....#...../#########./#########./##.#######/#####.#.#./.#########/#########./########.#/##.#######/###.##.###/.#####..##/####.#.##./###.######/#.####.###/##.#.#####,O,L,"[0, 1, 2, 3, 4, 5, 6, 7, 8]",2,2,,0,23,False,0.1448967456817627,413,33.21771708199958,True,9,-20.630000000000003,-23.72,3.0899999999999963,6.0,0,-22.59,-23.78,1.1900000000000013,6.0,5,0.0
intelif-qwen3-4b/decision,intelif-qwen3-4b@v0.1,1002,58,........../........../........../........../..##....../..###...../#########./#########./##.#######/#####.#.#./.#########/#########./########.#/##.#######/###.##.###/.#####..##/####.#.##./###.######/#.####.###/##.#.#####,L,T,"[0, 1, 2, 3, 4, 5, 6, 7, 10, 11, 12, 13, 14, 15, 16, 17, 18, 20, 21, 22, 23, 24, 25, 26, 27, 30, 31, 32, 33, 34, 35, 36, 37, 38]",38,38,,2,28,False,0.3249072730541229,1194,62.25835535299848,True,34,-23.220000000000002,-23.880000000000003,0.6600000000000001,2.0,5,-23.400000000000002,-23.400000000000002,0.0,1.0,38,1.0
intelif-qwen3-4b/decision,intelif-qwen3-4b@v0.1,1002,59,........../........../........../........../........../........../..##....../..###...##/##.#######/#####.#.#./.#########/#########./########.#/##.#######/###.##.###/.#####..##/####.#.##./###.######/#.####.###/##.#.#####,T,S,"[0, 1, 2, 3, 4, 5, 6, 7, 10, 11, 12, 13, 14, 15, 16, 17, 18, 20, 21, 22, 23, 24, 25, 26, 27, 30, 31, 32, 33, 34, 35, 36, 37, 38]",5,5,,0,28,False,0.3847160041332245,1205,64.44213383500028,True,34,-24.285,-24.945,0.6600000000000001,6.0,15,-24.28,-24.34,0.05999999999999872,3.0,17,0.0
intelif-qwen3-4b/decision,intelif-qwen3-4b@v0.1,1002,60,........../........../........../........../........../........../..##..#.../..########/##.#######/#####.#.#./.#########/#########./########.#/##.#######/###.##.###/.#####..##/####.#.##./###.######/#.####.###/##.#.#####,S,J,"[0, 1, 2, 3, 4, 5, 6, 7, 10, 11, 12, 13, 14, 15, 16, 17, 18]",4,4,,0,28,False,0.396670937538147,672,43.25261475700063,True,17,-24.370000000000005,-24.370000000000005,0.0,1.0,4,-23.880000000000003,-23.880000000000003,0.0,1.0,4,1.0
intelif-qwen3-4b/decision,intelif-qwen3-4b@v0.1,1002,61,........../........../........../........../........../.....##.../..#####.../..########/##.#######/#####.#.#./.#########/#########./########.#/##.#######/###.##.###/.#####..##/####.#.##./###.######/#.####.###/##.#.#####,J,S,"[0, 1, 2, 3, 4, 5, 6, 7, 10, 11, 12, 13, 14, 15, 16, 17, 18, 20, 21, 22, 23, 24, 25, 26, 27, 30, 31, 32, 33, 34, 35, 36, 37, 38]",7,7,,0,28,False,0.3060351014137268,1193,62.629028969999126,True,34,-24.29,-24.65,0.35999999999999943,3.0,30,-24.270000000000003,-24.790000000000003,0.5199999999999996,4.0,30,0.0
intelif-qwen3-4b/decision,intelif-qwen3-4b@v0.1,1002,62,........../........../........../........../........../.....###../..########/..########/##.#######/#####.#.#./.#########/#########./########.#/##.#######/###.##.###/.#####..##/####.#.##./###.######/#.####.###/##.#.#####,S,O,"[0, 1, 2, 3, 4, 5, 6, 7, 10, 11, 12, 13, 14, 15, 16, 17, 18]",10,10,,1,30,False,0.3248270750045776,674,43.48797435399865,True,17,-21.725,-25.005000000000003,3.280000000000001,11.0,3,-21.620000000000005,-25.150000000000002,3.5299999999999976,15.0,3,0.0
intelif-qwen3-4b/decision,intelif-qwen3-4b@v0.1,1002,63,........../........../........../........../........../........../#....###../.#########/##.#######/#####.#.#./.#########/#########./########.#/##.#######/###.##.###/.#####..##/####.#.##./###.######/#.####.###/##.#.#####,O,I,"[0, 1, 2, 3, 4, 5, 6, 7, 8]",8,8,,0,30,False,0.2830441892147064,412,32.98982525399879,True,9,-21.770000000000003,-21.770000000000003,0.0,1.0,8,-23.970000000000002,-23.970000000000002,0.0,2.0,6,0.0
intelif-qwen3-4b/decision,intelif-qwen3-4b@v0.1,1002,64,........../........../........../........../........../........##/#....#####/.#########/##.#######/#####.#.#./.#########/#########./########.#/##.#######/###.##.###/.#####..##/####.#.##./###.######/#.####.###/##.#.#####,I,O,"[0, 1, 2, 3, 4, 5, 6, 10, 11, 12, 13, 14, 15, 16, 17, 18, 19]",1,1,,1,32,False,0.4542847275733948,649,42.75629217499954,True,17,-22.880000000000003,-22.880000000000003,0.0,1.0,1,-22.939999999999998,-22.939999999999998,0.0,1.0,1,1.0
intelif-qwen3-4b/decision,intelif-qwen3-4b@v0.1,1002,65,........../........../........../........../........../........../........##/.#########/##.#######/#####.#.#./.#########/#########./########.#/##.#######/###.##.###/.#####..##/####.#.##./###.######/#.####.###/##.#.#####,O,I,"[0, 1, 2, 3, 4, 5, 6, 7, 8]",4,4,,0,32,False,0.1665571480989456,410,33.22555471399937,True,9,-20.650000000000002,-21.585,0.9349999999999987,4.0,3,-21.1,-22.01,0.9100000000000001,4.0,3,0.0
intelif-qwen3-4b/decision,intelif-qwen3-4b@v0.1,1002,66,........../........../........../........../........../....##..../....##..##/.#########/##.#######/#####.#.#./.#########/#########./########.#/##.#######/###.##.###/.#####..##/####.#.##./###.######/#.####.###/##.#.#####,I,S,"[0, 1, 2, 3, 4, 5, 6, 10, 11, 12, 13, 14, 15, 16, 17, 18, 19]",0,0,,0,32,False,0.1945619583129882,655,42.65248843999871,True,17,-21.22,-23.730000000000004,2.510000000000005,4.0,10,-22.090000000000003,-23.560000000000002,1.4699999999999989,3.0,10,0.0
intelif-qwen3-4b/decision,intelif-qwen3-4b@v0.1,1002,67,........../........../........../........../........../....##..../######..##/.#########/##.#######/#####.#.#./.#########/#########./########.#/##.#######/###.##.###/.#####..##/####.#.##./###.######/#.####.###/##.#.#####,S,T,"[0, 1, 2, 3, 4, 5, 6, 7, 10, 11, 12, 13, 14, 15, 16, 17, 18]",6,6,,1,34,False,0.3118734359741211,677,45.16184413399969,True,17,-22.080000000000002,-22.080000000000002,0.0,1.0,6,-21.620000000000005,-21.620000000000005,0.0,1.0,6,1.0
intelif-qwen3-4b/decision,intelif-qwen3-4b@v0.1,1002,68,........../........../........../........../........../........../....##.##./.#########/##.#######/#####.#.#./.#########/#########./########.#/##.#######/###.##.###/.#####..##/####.#.##./###.######/#.####.###/##.#.#####,T,T,"[0, 1, 2, 3, 4, 5, 6, 7, 10, 11, 12, 13, 14, 15, 16, 17, 18, 20, 21, 22, 23, 24, 25, 26, 27, 30, 31, 32, 33, 34, 35, 36, 37, 38]",10,10,,1,36,False,0.1541351974010467,1210,62.55151365600068,True,34,-21.009999999999998,-21.009999999999998,0.0,1.0,10,-21.860000000000003,-21.860000000000003,0.0,1.0,10,1.0
intelif-qwen3-4b/decision,intelif-qwen3-4b@v0.1,1002,69,........../........../........../........../........../........../#........./##..##.##./##.#######/#####.#.#./.#########/#########./########.#/##.#######/###.##.###/.#####..##/####.#.##./###.######/#.####.###/##.#.#####,T,S,"[0, 1, 2, 3, 4, 5, 6, 7, 10, 11, 12, 13, 14, 15, 16, 17, 18, 20, 21, 22, 23, 24, 25, 26, 27, 30, 31, 32, 33, 34, 35, 36, 37, 38]",12,12,,1,38,False,0.4931240379810333,1197,62.35349845500059,True,34,-21.590000000000003,-21.590000000000003,0.0,1.0,12,-22.040000000000003,-22.040000000000003,0.0,1.0,12,1.0
intelif-qwen3-4b/decision,intelif-qwen3-4b@v0.1,1002,70,........../........../........../........../........../........../........../#.#......./######.##./#####.#.#./.#########/#########./########.#/##.#######/###.##.###/.#####..##/####.#.##./###.######/#.####.###/##.#.#####,S,J,"[0, 1, 2, 3, 4, 5, 6, 7, 10, 11, 12, 13, 14, 15, 16, 17, 18]",10,10,,0,38,False,0.1819929778575897,672,43.42044415399869,True,17,-21.745000000000005,-21.745000000000005,0.0,1.0,10,-20.919999999999998,-20.919999999999998,0.0,1.0,10,1.0
intelif-qwen3-4b/decision,intelif-qwen3-4b@v0.1,1002,71,........../........../........../........../........../#........./##......../###......./######.##./#####.#.#./.#########/#########./########.#/##.#######/###.##.###/.#####..##/####.#.##./###.######/#.####.###/##.#.#####,J,T,"[0, 1, 2, 3, 4, 5, 6, 7, 10, 11, 12, 13, 14, 15, 16, 17, 18, 20, 21, 22, 23, 24, 25, 26, 27, 30, 31, 32, 33, 34, 35, 36, 37, 38]",24,24,,0,38,False,0.1738115698099136,1161,61.742420300999584,True,34,-20.320000000000004,-20.369999999999997,0.049999999999993605,2.0,33,-19.900000000000002,-21.090000000000003,1.1900000000000013,2.0,27,0.0
intelif-qwen3-4b/decision,intelif-qwen3-4b@v0.1,1002,72,........../........../........../........../........../#........./##......../###.###.../#########./#####.#.#./.#########/#########./########.#/##.#######/###.##.###/.#####..##/####.#.##./###.######/#.####.###/##.#.#####,T,I,"[0, 1, 2, 3, 4, 5, 6, 7, 10, 11, 12, 13, 14, 15, 16, 17, 18, 20, 21, 22, 23, 24, 25, 26, 27, 30, 31, 32, 33, 34, 35, 36, 37, 38]",2,2,,0,38,False,0.246439516544342,1163,61.7760625030005,True,34,-20.535000000000004,-22.1,1.5649999999999977,12.0,13,-19.920000000000005,-22.140000000000004,2.219999999999999,10.0,22,0.0
intelif-qwen3-4b/decision,intelif-qwen3-4b@v0.1,1002,73,........../........../........../........../........../#..#....../#####...../###.###.../#########./#####.#.#./.#########/#########./########.#/##.#######/###.##.###/.#####..##/####.#.##./###.######/#.####.###/##.#.#####,I,I,"[0, 1, 2, 3, 4, 5, 6, 10, 11, 12, 13, 14, 15, 16, 17, 18, 19]",4,4,,0,38,False,0.2212984412908554,651,42.57235993200084,True,17,-22.285,-24.675,2.3900000000000006,14.0,5,-21.76,-26.720000000000002,4.960000000000001,17.0,5,0.0
intelif-qwen3-4b/decision,intelif-qwen3-4b@v0.1,1002,74,........../........../........../........../........../#..#####../#####...../###.###.../#########./#####.#.#./.#########/#########./########.#/##.#######/###.##.###/.#####..##/####.#.##./###.######/#.####.###/##.#.#####,I,I,"[0, 1, 2, 3, 4, 5, 6, 10, 11, 12, 13, 14, 15, 16, 17, 18, 19]",19,19,,1,40,False,0.5161638259887695,653,42.736429901999145,True,17,-24.315000000000005,-27.300000000000004,2.9849999999999994,13.0,12,-26.830000000000005,-26.830000000000005,0.0,2.0,18,0.0
intelif-qwen3-4b/decision,intelif-qwen3-4b@v0.1,1002,75,........../........../........../........../........../........../#..#####../#####....#/###.###..#/#####.#.##/.#########/#########./########.#/##.#######/###.##.###/.#####..##/####.#.##./###.######/#.####.###/##.#.#####,I,T,"[0, 1, 2, 3, 4, 5, 6, 10, 11, 12, 13, 14, 15, 16, 17, 18, 19]",0,0,,0,40,False,0.1325114518404007,654,43.73599493199981,True,17,-25.880000000000003,-28.57,2.6899999999999977,15.0,6,-23.540000000000003,-27.48,3.9399999999999977,13.0,13,0.0
intelif-qwen3-4b/decision,intelif-qwen3-4b@v0.1,1002,76,........../........../........../........../........../####....../#..#####../#####....#/###.###..#/#####.#.##/.#########/#########./########.#/##.#######/###.##.###/.#####..##/####.#.##./###.######/#.####.###/##.#.#####,T,O,"[0, 1, 2, 3, 4, 5, 6, 7, 10, 11, 12, 13, 14, 15, 16, 17, 18, 20, 21, 22, 23, 24, 25, 26, 27, 30, 31, 32, 33, 34, 35, 36, 37, 38]",4,4,,0,40,False,0.1243117824196815,1207,64.27855732699936,True,34,-26.045000000000005,-79.43499999999999,53.389999999999986,30.0,33,-28.430000000000003,-28.430000000000003,0.0,1.0,4,1.0
intelif-qwen3-4b/decision,intelif-qwen3-4b@v0.1,1002,77,........../........../........../........../.....#..../#######.../#..#####../#####....#/###.###..#/#####.#.##/.#########/#########./########.#/##.#######/###.##.###/.#####..##/####.#.##./###.######/#.####.###/##.#.#####,O,I,"[0, 1, 2, 3, 4, 5, 6, 7, 8]",7,7,,0,40,False,0.2872448265552521,415,34.30574447300023,True,9,-26.310000000000002,-29.875,3.5649999999999977,6.0,8,-25.820000000000004,-29.42,3.599999999999998,6.0,8,0.0
intelif-qwen3-4b/decision,intelif-qwen3-4b@v0.1,1002,78,........../........../........../........../.....#.##./#########./#..#####../#####....#/###.###..#/#####.#.##/.#########/#########./########.#/##.#######/###.##.###/.#####..##/####.#.##./###.######/#.####.###/##.#.#####,I,O,"[0, 1, 2, 3, 4, 5, 6, 10, 11, 12, 13, 14, 15, 16, 17, 18, 19]",1,1,,0,40,False,0.2906341850757599,651,43.20060584000021,True,17,-28.995000000000005,-31.85000000000001,2.855000000000004,8.0,2,-29.650000000000002,-31.95,2.299999999999997,2.0,19,0.0
intelif-qwen3-4b/decision,intelif-qwen3-4b@v0.1,1002,79,........../........../........../........../.#####.##./#########./#..#####../#####....#/###.###..#/#####.#.##/.#########/#########./########.#/##.#######/###.##.###/.#####..##/####.#.##./###.######/#.####.###/##.#.#####,O,I,"[0, 1, 2, 3, 4, 5, 6, 7, 8]",4,4,,0,40,False,0.1633755266666412,420,37.63696906400037,True,9,-29.174999999999997,-30.35,1.1750000000000043,3.0,2,-31.510000000000005,-31.690000000000005,0.17999999999999972,4.0,7,0.0
intelif-qwen3-4b/decision,intelif-qwen3-4b@v0.1,1002,80,........../........../....##..../....##..../.#####.##./#########./#..#####../#####....#/###.###..#/#####.#.##/.#########/#########./########.#/##.#######/###.##.###/.#####..##/####.#.##./###.######/#.####.###/##.#.#####,I,O,"[0, 1, 2, 3, 4, 5, 6, 10, 11, 12, 13, 16, 17, 18, 19]",19,19,,1,42,False,0.3932576179504394,599,41.59914184400077,True,15,-30.470000000000002,-30.470000000000002,0.0,1.0,19,-31.910000000000004,-31.910000000000004,0.0,2.0,6,0.0
intelif-qwen3-4b/decision,intelif-qwen3-4b@v0.1,1002,81,........../........../........../....##..../....##...#/.#####.###/#..#####.#/#####....#/###.###..#/#####.#.##/.#########/#########./########.#/##.#######/###.##.###/.#####..##/####.#.##./###.######/#.####.###/##.#.#####,O,L,"[0, 1, 2, 3, 4, 5, 6, 7, 8]",2,2,,0,42,False,0.5952726602554321,415,33.424189538000064,True,9,-28.35,-28.35,0.0,1.0,2,-32.07,-32.07,0.0,1.0,2,1.0
intelif-qwen3-4b/decision,intelif-qwen3-4b@v0.1,1002,82,........../........../........../..####..../..####...#/.#####.###/#..#####.#/#####....#/###.###..#/#####.#.##/.#########/#########./########.#/##.#######/###.##.###/.#####..##/####.#.##./###.######/#.####.###/##.#.#####,L,T,"[0, 1, 2, 3, 4, 5, 6, 7, 10, 11, 12, 13, 14, 15, 16, 17, 18, 20, 21, 22, 23, 24, 25, 26, 27, 30, 31, 32, 33, 34, 35, 36, 37, 38]",6,6,,0,42,False,0.2323956191539764,1206,62.77006653700119,True,34,-28.174999999999997,-31.275000000000002,3.100000000000005,5.0,26,-27.84,-31.180000000000003,3.3400000000000034,4.0,26,0.0
intelif-qwen3-4b/decision,intelif-qwen3-4b@v0.1,1002,83,........../........../........../..####..#./..########/.#####.###/#..#####.#/#####....#/###.###..#/#####.#.##/.#########/#########./########.#/##.#######/###.##.###/.#####..##/####.#.##./###.######/#.####.###/##.#.#####,T,I,"[0, 1, 2, 3, 4, 5, 6, 7, 10, 11, 12, 13, 14, 15, 16, 17, 18, 20, 21, 22, 23, 24, 25, 26, 27, 30, 31, 32, 33, 34, 35, 36, 37, 38]",10,10,,1,44,False,0.1547023802995681,1217,63.11876073100029,True,34,-31.090000000000003,-31.090000000000003,0.0,1.0,10,-30.590000000000003,-30.590000000000003,0.0,1.0,10,1.0
intelif-qwen3-4b/decision,intelif-qwen3-4b@v0.1,1002,84,........../........../........../........../#.####..#./######.###/#..#####.#/#####....#/###.###..#/#####.#.##/.#########/#########./########.#/##.#######/###.##.###/.#####..##/####.#.##./###.######/#.####.###/##.#.#####,I,I,"[0, 1, 2, 3, 4, 5, 6, 10, 11, 12, 13, 14, 15, 16, 17, 18, 19]",16,16,,1,46,False,0.1829654276371002,662,42.2438324729992,True,17,-29.875,-30.935000000000002,1.0600000000000023,4.0,19,-28.06,-30.830000000000002,2.770000000000003,3.0,11,0.0
intelif-qwen3-4b/decision,intelif-qwen3-4b@v0.1,1002,85,........../........../........../......#.../......#.../#.#####.#./#..#####.#/#####....#/###.###..#/#####.#.##/.#########/#########./########.#/##.#######/###.##.###/.#####..##/####.#.##./###.######/#.####.###/##.#.#####,I,J,"[0, 1, 2, 3, 4, 5, 6, 10, 11, 12, 13, 14, 15, 17, 18, 19]",2,2,,0,46,False,0.2188512086868286,620,41.508568234999984,True,16,-29.51,-31.430000000000003,1.9200000000000017,8.0,19,-28.200000000000003,-31.09,2.889999999999997,4.0,17,0.0
intelif-qwen3-4b/decision,intelif-qwen3-4b@v0.1,1002,86,........../........../........../......#.../..#####.../#.#####.#./#..#####.#/#####....#/###.###..#/#####.#.##/.#########/#########./########.#/##.#######/###.##.###/.#####..##/####.#.##./###.######/#.####.###/##.#.#####,J,J,"[0, 1, 2, 3, 4, 5, 6, 7, 10, 11, 12, 13, 14, 15, 16, 17, 18, 20, 21, 22, 23, 24, 25, 26, 27, 30, 31, 32, 33, 34, 35, 36, 37, 38]",11,11,,0,46,False,0.1578522771596908,1202,63.14084820400058,True,34,-32.050000000000004,-32.050000000000004,0.0,1.0,11,-31.29,-31.560000000000002,0.2700000000000031,6.0,2,0.0
intelif-qwen3-4b/decision,intelif-qwen3-4b@v0.1,1002,87,........../........../........../.##...#.../.######.../#######.#./#..#####.#/#####....#/###.###..#/#####.#.##/.#########/#########./########.#/##.#######/###.##.###/.#####..##/####.#.##./###.######/#.####.###/##.#.#####,J,Z,"[0, 1, 2, 3, 4, 5, 6, 7, 10, 11, 12, 13, 14, 15, 16, 17, 18, 20, 21, 22, 23, 24, 25, 26, 27, 30, 31, 32, 33, 34, 35, 36, 37, 38]",3,3,,0,46,False,0.3216189742088318,1205,63.68523453399939,True,34,-31.815000000000005,-32.440000000000005,0.625,2.0,17,-32.27,-32.36000000000001,0.09000000000000341,3.0,10,0.0
intelif-qwen3-4b/decision,intelif-qwen3-4b@v0.1,1002,88,........../........../...#....../.######.../.######.../#######.#./#..#####.#/#####....#/###.###..#/#####.#.##/.#########/#########./########.#/##.#######/###.##.###/.#####..##/####.#.##./###.######/#.####.###/##.#.#####,Z,T,"[0, 1, 2, 3, 4, 5, 6, 7, 10, 11, 12, 14, 15, 16, 17, 18]",17,17,,0,46,False,0.2141943722963333,639,41.86849609099954,True,16,-33.220000000000006,-82.86500000000001,49.645,4.0,10,-32.50000000000001,-32.50000000000001,0.0,2.0,3,0.0
intelif-qwen3-4b/decision,intelif-qwen3-4b@v0.1,1002,89,........../........../...#....../.######.#./.########./#########./#..#####.#/#####....#/###.###..#/#####.#.##/.#########/#########./########.#/##.#######/###.##.###/.#####..##/####.#.##./###.######/#.####.###/##.#.#####,T,I,"[0, 1, 2, 3, 4, 5, 6, 7, 10, 11, 12, 14, 15, 16, 17, 18, 20, 21, 22, 23, 24, 25, 26, 27, 30, 31, 33, 34, 35, 36, 37, 38]",26,26,,0,46,False,0.2910368740558624,1149,66.02218444000027,True,32,-30.255000000000003,-30.255000000000003,0.0,1.0,26,-32.06,-32.06,0.0,1.0,26,1.0
intelif-qwen3-4b/decision,intelif-qwen3-4b@v0.1,1002,90,........../........../...#..###./.########./.########./#########./#..#####.#/#####....#/###.###..#/#####.#.##/.#########/#########./########.#/##.#######/###.##.###/.#####..##/####.#.##./###.######/#.####.###/##.#.#####,I,T,"[0, 1, 2, 3, 4, 5, 6, 10, 19]",19,19,,1,48,False,0.4854958057403564,422,34.37391096600004,True,9,-29.980000000000004,-29.980000000000004,0.0,1.0,19,-32.34,-32.34,0.0,1.0,19,1.0
intelif-qwen3-4b/decision,intelif-qwen3-4b@v0.1,1002,91,........../........../........../...#..####/.#########/.#########/#..#####.#/#####....#/###.###..#/#####.#.##/.#########/#########./########.#/##.#######/###.##.###/.#####..##/####.#.##./###.######/#.####.###/##.#.#####,T,S,"[0, 1, 2, 3, 4, 5, 6, 7, 10, 11, 12, 13, 14, 15, 16, 17, 18, 20, 21, 22, 23, 24, 25, 26, 27, 30, 31, 32, 33, 34, 35, 36, 37, 38]",10,10,,1,50,False,0.3171622455120086,1217,64.43352394900103,True,34,-31.240000000000002,-32.765,1.5249999999999986,4.0,7,-31.410000000000004,-32.21,0.7999999999999972,4.0,7,0.0
intelif-qwen3-4b/decision,intelif-qwen3-4b@v0.1,1002,92,........../........../........../#........./##.#..####/.#########/#..#####.#/#####....#/###.###..#/#####.#.##/.#########/#########./########.#/##.#######/###.##.###/.#####..##/####.#.##./###.######/#.####.###/##.#.#####,S,I,"[0, 1, 2, 3, 4, 5, 6, 7, 10, 11, 12, 13, 14, 15, 16, 17, 18]",4,4,,0,50,False,0.4910521209239959,676,45.14228633499988,True,17,-32.27,-33.0,0.7299999999999969,3.0,11,-32.46,-32.69,0.22999999999999687,4.0,11,0.0
intelif-qwen3-4b/decision,intelif-qwen3-4b@v0.1,1002,93,........../........../........../#....##.../##.#######/.#########/#..#####.#/#####....#/###.###..#/#####.#.##/.#########/#########./########.#/##.#######/###.##.###/.#####..##/####.#.##./###.######/#.####.###/##.#.#####,I,I,"[0, 1, 2, 3, 4, 5, 6, 11, 12, 13, 14, 17, 18, 19]",1,1,,0,50,False,0.2699310183525085,574,39.78540649500064,True,14,-32.655,-33.300000000000004,0.6450000000000031,2.0,12,-32.910000000000004,-34.0,1.0899999999999963,2.0,12,0.0
intelif-qwen3-4b/decision,intelif-qwen3-4b@v0.1,1002,94,........../........../........../#######.../##.#######/.#########/#..#####.#/#####....#/###.###..#/#####.#.##/.#########/#########./########.#/##.#######/###.##.###/.#####..##/####.#.##./###.######/#.####.###/##.#.#####,I,T,"[0, 1, 2, 3, 4, 5, 6, 17, 18, 19]",3,3,,0,50,False,0.1675929278135299,448,35.419249958000364,True,10,-31.515,-31.515,0.0,1.0,3,-31.680000000000003,-31.680000000000003,0.0,1.0,3,1.0
intelif-qwen3-4b/decision,intelif-qwen3-4b@v0.1,1002,95,........../........../...####.../#######.../##.#######/.#########/#..#####.#/#####....#/###.###..#/#####.#.##/.#########/#########./########.#/##.#######/###.##.###/.#####..##/####.#.##./###.######/#.####.###/##.#.#####,T,J,"[0, 1, 2, 3, 4, 5, 6, 7, 10, 11, 12, 17, 18, 20, 21, 22, 23, 24, 25, 26, 27, 30, 31, 36, 37, 38]",7,7,,1,52,False,0.239907294511795,961,57.45819999500054,True,26,-31.750000000000004,-31.750000000000004,0.0,1.0,7,-31.250000000000004,-31.250000000000004,0.0,1.0,7,1.0
intelif-qwen3-4b/decision,intelif-qwen3-4b@v0.1,1002,96,........../........../........../...####.#./##.#######/.#########/#..#####.#/#####....#/###.###..#/#####.#.##/.#########/#########./########.#/##.#######/###.##.###/.#####..##/####.#.##./###.######/#.####.###/##.#.#####,J,I,"[0, 1, 2, 3, 4, 5, 6, 7, 10, 11, 12, 13, 14, 15, 16, 17, 18, 20, 21, 22, 23, 24, 25, 26, 27, 30, 31, 32, 33, 34, 35, 36, 37, 38]",20,20,,1,54,False,0.2321912199258804,1208,63.75891861799937,True,34,-30.335,-31.315,0.9800000000000004,3.0,25,-30.830000000000002,-32.809999999999995,1.9799999999999933,5.0,12,0.0
intelif-qwen3-4b/decision,intelif-qwen3-4b@v0.1,1002,97,........../........../........../........../#######.#./.#########/#..#####.#/#####....#/###.###..#/#####.#.##/.#########/#########./########.#/##.#######/###.##.###/.#####..##/####.#.##./###.######/#.####.###/##.#.#####,I,J,"[0, 1, 2, 3, 4, 5, 6, 10, 11, 12, 13, 14, 15, 16, 17, 18, 19]",4,4,,0,54,False,0.2159032523632049,655,43.949920824999936,True,17,-28.895,-33.0,4.105,7.0,19,-28.04,-33.83,5.789999999999999,8.0,19,0.0
intelif-qwen3-4b/decision,intelif-qwen3-4b@v0.1,1002,98,........../........../........../....####../#######.#./.#########/#..#####.#/#####....#/###.###..#/#####.#.##/.#########/#########./########.#/##.#######/###.##.###/.#####..##/####.#.##./###.######/#.####.###/##.#.#####,J,T,"[0, 1, 2, 3, 4, 5, 6, 7, 10, 11, 12, 13, 14, 15, 16, 17, 18, 20, 21, 22, 23, 24, 25, 26, 27, 30, 31, 32, 33, 34, 35, 36, 37, 38]",4,4,,0,54,False,0.0944465845823288,1206,63.09824432500136,True,34,-31.885000000000005,-84.24000000000001,52.355000000000004,11.0,30,-32.720000000000006,-34.11,1.3899999999999935,8.0,0,0.0
intelif-qwen3-4b/decision,intelif-qwen3-4b@v0.1,1002,99,........../....#...../....###.../....####../#######.#./.#########/#..#####.#/#####....#/###.###..#/#####.#.##/.#########/#########./########.#/##.#######/###.##.###/.#####..##/####.#.##./###.######/#.####.###/##.#.#####,T,I,"[0, 1, 5, 6, 7, 10, 11, 12, 17, 18, 20, 21, 22, 24, 25, 26, 27, 30, 31, 32, 36, 37, 38]",1,1,,0,54,False,0.1071974635124206,835,52.00327482600005,True,23,-31.79,-135.19,103.4,9.0,38,-32.42,-34.46,2.039999999999999,3.0,38,0.0
